3,15/06/2008,Falta de cobertura en la zona
18,23/02/2008,Inconformidad del servicio
42,20/06/2008,Falta de cobertura en la zona
51,27/06/2008,Viaje al extranjero
57,06/11/2009,Inconformidad del servicio
63,29/02/2008,Cambio de operador
69,27/02/2009,Otro
135,10/01/2009,Cambio de operador
189,29/12/2008,Falta de cobertura en la zona
195,29/12/2008,Falta de cobertura en la zona
201,29/12/2008,Falta de cobertura en la zona
210,29/12/2008,Falta de cobertura en la zona
219,29/12/2008,Falta de cobertura en la zona
222,03/11/2009,Viaje al extranjero
231,29/12/2008,Falta de cobertura en la zona
243,29/12/2008,Falta de cobertura en la zona
255,29/12/2008,Falta de cobertura en la zona
264,29/12/2008,Falta de cobertura en la zona
270,29/12/2008,Falta de cobertura en la zona
282,29/12/2008,Falta de cobertura en la zona
291,29/12/2008,Falta de cobertura en la zona
303,29/12/2008,Falta de cobertura en la zona
309,29/12/2008,Falta de cobertura en la zona
312,29/08/2008,Cambio de operador
321,29/12/2008,Falta de cobertura en la zona
330,29/12/2008,Falta de cobertura en la zona
339,21/04/2008,Otro
345,22/03/2008,Viaje al extranjero
585,18/07/2008,Fallecimiento del cliente
768,08/12/2008,Cambio de operador
792,25/12/2009,Cambio de operador
870,18/01/2008,Cambio de operador
885,09/02/2009,Otro
888,13/06/2008,Viaje al extranjero
900,20/07/2008,Fallecimiento del cliente
927,08/12/2009,Cambio de operador
939,19/11/2009,Falta de cobertura en la zona
951,13/12/2009,Viaje al extranjero
969,31/10/2009,Sin capacidad de pago
981,28/11/2008,Falta de cobertura en la zona
984,22/12/2008,Fallecimiento del cliente
1002,28/07/2008,Sin capacidad de pago
1020,13/08/2009,Inconformidad del servicio
1029,28/09/2008,Inconformidad del servicio
1044,11/12/2008,Cambio de operador
1050,16/08/2008,Falta de cobertura en la zona
1053,18/09/2008,Fallecimiento del cliente
1062,03/12/2009,Falta de cobertura en la zona
1071,29/05/2008,Sin capacidad de pago
1098,23/04/2009,Cambio de operador
1116,11/04/2009,Viaje al extranjero
1128,07/12/2009,Sin capacidad de pago
1149,29/09/2008,Viaje al extranjero
1161,29/09/2009,Sin capacidad de pago
1170,16/04/2008,Viaje al extranjero
1179,14/12/2009,Sin capacidad de pago
1185,16/10/2009,Otro
1188,29/12/2008,Inconformidad del servicio
1215,28/12/2009,Sin capacidad de pago
1269,17/11/2009,Inconformidad del servicio
1281,09/05/2009,Cambio de operador
1326,22/12/2008,Viaje al extranjero
1329,22/12/2008,Viaje al extranjero
1332,22/12/2008,Viaje al extranjero
1338,22/12/2008,Viaje al extranjero
1341,22/12/2008,Viaje al extranjero
1362,22/12/2008,Viaje al extranjero
1368,22/12/2008,Viaje al extranjero
1374,22/12/2008,Viaje al extranjero
1383,22/12/2008,Viaje al extranjero
1395,22/12/2008,Viaje al extranjero
1404,22/12/2008,Viaje al extranjero
1410,22/12/2008,Viaje al extranjero
1413,04/04/2008,Cambio de operador
1416,04/10/2008,Viaje al extranjero
1428,22/12/2008,Viaje al extranjero
1434,22/12/2008,Viaje al extranjero
1446,22/12/2008,Viaje al extranjero
1449,22/12/2008,Viaje al extranjero
1455,22/12/2008,Viaje al extranjero
1461,22/12/2008,Viaje al extranjero
1464,22/12/2008,Viaje al extranjero
1473,22/12/2008,Viaje al extranjero
1479,22/12/2008,Viaje al extranjero
1482,02/06/2009,Inconformidad del servicio
1494,22/12/2008,Viaje al extranjero
1497,10/07/2008,Inconformidad del servicio
1509,24/10/2009,Inconformidad del servicio
1512,03/01/2008,Falta de cobertura en la zona
1530,22/01/2008,Cambio de operador
1554,26/08/2009,Sin capacidad de pago
1575,03/07/2008,Fallecimiento del cliente
1584,06/04/2008,Fallecimiento del cliente
1605,04/08/2008,Otro
1632,28/08/2009,Viaje al extranjero
1653,16/11/2009,Sin capacidad de pago
1677,03/04/2008,Otro
1686,25/01/2009,Inconformidad del servicio
1695,19/01/2008,Falta de cobertura en la zona
1734,18/10/2008,Cambio de operador
1743,12/09/2008,Cambio de operador
1758,27/06/2009,Sin capacidad de pago
1782,11/12/2009,Falta de cobertura en la zona
1794,12/01/2009,Otro
1800,20/09/2009,Cambio de operador
1962,16/03/2008,Falta de cobertura en la zona
1995,09/06/2008,Inconformidad del servicio
2034,01/07/2009,Sin capacidad de pago
2118,03/02/2009,Viaje al extranjero
2130,30/01/2008,Sin capacidad de pago
2151,20/03/2009,Viaje al extranjero
2166,21/11/2009,Falta de cobertura en la zona
2184,16/07/2009,Cambio de operador
2196,14/03/2009,Cambio de operador
2205,15/08/2009,Sin capacidad de pago
2220,13/06/2008,Cambio de operador
2250,21/05/2009,Inconformidad del servicio
2295,20/11/2009,Fallecimiento del cliente
2304,24/08/2009,Falta de cobertura en la zona
2319,25/03/2009,Otro
2325,17/09/2009,Otro
2331,25/12/2008,Sin capacidad de pago
2358,27/11/2009,Falta de cobertura en la zona
2376,28/12/2008,Cambio de operador
2397,10/09/2008,Inconformidad del servicio
2415,18/03/2008,Cambio de operador
2421,03/02/2009,Cambio de operador
2427,23/02/2009,Falta de cobertura en la zona
2436,06/01/2008,Inconformidad del servicio
2445,06/01/2008,Inconformidad del servicio
2451,06/01/2008,Inconformidad del servicio
2463,06/01/2008,Inconformidad del servicio
2475,06/01/2008,Inconformidad del servicio
2481,06/01/2008,Inconformidad del servicio
2502,06/01/2008,Inconformidad del servicio
2520,06/01/2008,Inconformidad del servicio
2523,06/01/2008,Inconformidad del servicio
2535,06/01/2008,Inconformidad del servicio
2547,06/01/2008,Inconformidad del servicio
2550,06/01/2008,Inconformidad del servicio
2568,06/01/2008,Inconformidad del servicio
2577,06/01/2008,Inconformidad del servicio
2580,06/01/2008,Inconformidad del servicio
2589,06/01/2008,Inconformidad del servicio
2601,06/01/2008,Inconformidad del servicio
2613,13/09/2008,Cambio de operador
2616,20/07/2009,Cambio de operador
2649,30/06/2008,Cambio de operador
2733,19/12/2009,Sin capacidad de pago
2799,03/08/2008,Otro
2826,28/03/2008,Falta de cobertura en la zona
2832,08/12/2009,Sin capacidad de pago
2835,02/10/2008,Falta de cobertura en la zona
2838,13/05/2008,Cambio de operador
2847,29/05/2008,Cambio de operador
2889,02/09/2009,Viaje al extranjero
2898,06/09/2008,Otro
2916,22/09/2009,Inconformidad del servicio
2928,08/06/2008,Inconformidad del servicio
2934,28/11/2009,Cambio de operador
2937,15/09/2009,Sin capacidad de pago
2970,27/01/2008,Falta de cobertura en la zona
2976,16/06/2009,Sin capacidad de pago
3030,02/01/2009,Sin capacidad de pago
3156,13/01/2009,Sin capacidad de pago
3165,13/01/2009,Sin capacidad de pago
3171,13/01/2009,Sin capacidad de pago
3180,13/01/2009,Sin capacidad de pago
3183,16/02/2009,Inconformidad del servicio
3189,13/01/2009,Sin capacidad de pago
3201,13/01/2009,Sin capacidad de pago
3204,12/11/2009,Cambio de operador
3210,13/01/2009,Sin capacidad de pago
3213,13/01/2009,Sin capacidad de pago
3222,13/01/2009,Sin capacidad de pago
3228,13/01/2009,Sin capacidad de pago
3231,13/01/2009,Sin capacidad de pago
3234,13/01/2009,Sin capacidad de pago
3243,13/01/2009,Sin capacidad de pago
3252,13/01/2009,Sin capacidad de pago
3261,28/07/2009,Cambio de operador
3267,20/12/2008,Sin capacidad de pago
3285,17/08/2008,Fallecimiento del cliente
3294,22/10/2008,Cambio de operador
3297,19/02/2009,Cambio de operador
3342,15/05/2008,Sin capacidad de pago
3357,07/11/2009,Cambio de operador
3366,21/02/2008,Inconformidad del servicio
3372,04/06/2009,Otro
3378,23/06/2009,Inconformidad del servicio
3384,23/09/2009,Cambio de operador
3405,25/08/2009,Sin capacidad de pago
3417,20/08/2008,Viaje al extranjero
3420,11/06/2009,Sin capacidad de pago
3429,29/11/2008,Otro
3432,04/09/2008,Cambio de operador
3438,29/01/2008,Otro
3441,26/03/2009,Otro
3450,01/07/2009,Cambio de operador
3462,12/07/2008,Cambio de operador
3495,26/11/2009,Falta de cobertura en la zona
3501,25/01/2009,Otro
3558,04/11/2009,Fallecimiento del cliente
3579,07/03/2008,Sin capacidad de pago
3582,23/11/2008,Viaje al extranjero
3597,20/11/2009,Otro
3603,20/09/2009,Cambio de operador
3609,18/05/2009,Falta de cobertura en la zona
3639,28/09/2009,Cambio de operador
3645,10/03/2008,Sin capacidad de pago
3651,23/09/2008,Sin capacidad de pago
3681,16/12/2008,Inconformidad del servicio
3687,13/12/2009,Cambio de operador
3699,15/09/2008,Inconformidad del servicio
3849,09/08/2009,Falta de cobertura en la zona
3915,13/10/2008,Viaje al extranjero
3930,06/08/2008,Sin capacidad de pago
3933,23/09/2008,Inconformidad del servicio
3939,18/09/2008,Otro
3942,10/10/2008,Cambio de operador
3951,30/03/2009,Fallecimiento del cliente
3954,11/04/2008,Cambio de operador
3969,03/07/2009,Inconformidad del servicio
4017,30/09/2009,Sin capacidad de pago
4020,23/02/2009,Falta de cobertura en la zona
4035,17/12/2009,Sin capacidad de pago
4038,09/07/2009,Viaje al extranjero
4050,11/01/2009,Falta de cobertura en la zona
4056,01/11/2009,Sin capacidad de pago
4107,10/11/2009,Falta de cobertura en la zona
4122,16/04/2009,Inconformidad del servicio
4125,11/10/2009,Inconformidad del servicio
4134,02/12/2009,Otro
4146,28/09/2009,Falta de cobertura en la zona
4149,22/12/2009,Cambio de operador
4167,22/09/2009,Sin capacidad de pago
4170,12/08/2008,Fallecimiento del cliente
4185,07/03/2009,Falta de cobertura en la zona
4194,23/08/2008,Cambio de operador
4203,21/04/2009,Cambio de operador
4221,11/10/2009,Falta de cobertura en la zona
4242,05/09/2009,Cambio de operador
4248,17/12/2008,Inconformidad del servicio
4257,17/12/2008,Inconformidad del servicio
4269,17/12/2008,Inconformidad del servicio
4272,17/12/2008,Inconformidad del servicio
4275,24/12/2008,Cambio de operador
4284,17/12/2008,Inconformidad del servicio
4293,17/12/2008,Inconformidad del servicio
4302,17/12/2008,Inconformidad del servicio
4308,17/12/2008,Inconformidad del servicio
4320,17/12/2008,Inconformidad del servicio
4329,17/12/2008,Inconformidad del servicio
4341,17/12/2008,Inconformidad del servicio
4347,17/12/2008,Inconformidad del servicio
4356,17/12/2008,Inconformidad del servicio
4359,17/12/2008,Inconformidad del servicio
4362,03/03/2008,Cambio de operador
4374,17/12/2008,Inconformidad del servicio
4383,17/12/2008,Inconformidad del servicio
4386,09/10/2009,Viaje al extranjero
4392,17/12/2008,Inconformidad del servicio
4398,17/12/2008,Inconformidad del servicio
4401,17/12/2008,Inconformidad del servicio
4410,17/12/2008,Inconformidad del servicio
4419,17/12/2008,Inconformidad del servicio
4434,17/12/2008,Inconformidad del servicio
4440,17/12/2008,Inconformidad del servicio
4449,17/12/2008,Inconformidad del servicio
4458,17/12/2008,Inconformidad del servicio
4461,26/02/2009,Inconformidad del servicio
4467,17/12/2008,Inconformidad del servicio
4470,10/06/2009,Inconformidad del servicio
4476,09/12/2008,Inconformidad del servicio
4479,16/04/2009,Inconformidad del servicio
4485,20/06/2008,Sin capacidad de pago
4503,05/08/2008,Sin capacidad de pago
4512,21/12/2009,Sin capacidad de pago
4545,20/07/2008,Inconformidad del servicio
4575,13/10/2009,Cambio de operador
4695,19/05/2009,Sin capacidad de pago
4794,23/06/2009,Inconformidad del servicio
4818,14/01/2008,Otro
4827,13/10/2009,Viaje al extranjero
4836,22/07/2008,Falta de cobertura en la zona
4854,12/11/2009,Sin capacidad de pago
4872,14/05/2009,Falta de cobertura en la zona
4890,21/04/2009,Otro
4905,22/05/2008,Cambio de operador
4926,10/10/2009,Falta de cobertura en la zona
5046,20/09/2008,Cambio de operador
5178,10/04/2009,Sin capacidad de pago
5199,01/08/2009,Fallecimiento del cliente
5247,07/12/2009,Inconformidad del servicio
5403,14/11/2009,Otro
5412,26/07/2008,Viaje al extranjero
5415,12/02/2009,Otro
5445,27/09/2009,Sin capacidad de pago
5454,11/11/2009,Otro
5466,11/11/2009,Otro
5481,11/11/2009,Otro
5496,11/11/2009,Otro
5502,11/11/2009,Otro
5508,11/11/2009,Otro
5517,11/11/2009,Otro
5529,11/11/2009,Otro
5535,11/11/2009,Otro
5547,11/11/2009,Otro
5550,20/04/2009,Falta de cobertura en la zona
5553,11/11/2009,Otro
5559,11/11/2009,Otro
5565,11/11/2009,Otro
5589,11/11/2009,Otro
5595,11/11/2009,Otro
5610,11/11/2009,Otro
5619,11/11/2009,Otro
5631,11/11/2009,Otro
5637,11/11/2009,Otro
5643,11/11/2009,Otro
5655,11/11/2009,Otro
5661,11/11/2009,Otro
5670,11/11/2009,Otro
5673,11/06/2009,Falta de cobertura en la zona
5682,11/11/2009,Otro
5688,11/11/2009,Otro
5694,11/11/2009,Otro
5706,19/08/2008,Sin capacidad de pago
5742,04/02/2009,Viaje al extranjero
5745,20/02/2009,Cambio de operador
5754,27/01/2009,Inconformidad del servicio
5763,27/01/2009,Inconformidad del servicio
5772,27/01/2009,Inconformidad del servicio
5790,27/01/2009,Inconformidad del servicio
5805,27/01/2009,Inconformidad del servicio
5808,16/07/2009,Sin capacidad de pago
5820,27/01/2009,Inconformidad del servicio
5826,27/01/2009,Inconformidad del servicio
5835,27/01/2009,Inconformidad del servicio
5841,27/01/2009,Inconformidad del servicio
5847,27/01/2009,Inconformidad del servicio
5853,27/01/2009,Inconformidad del servicio
5862,27/01/2009,Inconformidad del servicio
5868,27/01/2009,Inconformidad del servicio
5877,27/01/2009,Inconformidad del servicio
5883,27/01/2009,Inconformidad del servicio
5886,13/06/2009,Otro
5901,27/01/2009,Inconformidad del servicio
5910,27/01/2009,Inconformidad del servicio
5919,27/01/2009,Inconformidad del servicio
5925,27/01/2009,Inconformidad del servicio
5931,27/01/2009,Inconformidad del servicio
5940,27/01/2009,Inconformidad del servicio
5946,27/01/2009,Inconformidad del servicio
5949,30/07/2009,Inconformidad del servicio
5973,28/07/2009,Cambio de operador
5976,26/11/2009,Otro
5988,02/06/2009,Inconformidad del servicio
6036,01/02/2008,Cambio de operador
6042,06/08/2008,Fallecimiento del cliente
6045,14/05/2009,Falta de cobertura en la zona
6054,14/05/2009,Falta de cobertura en la zona
6063,14/05/2009,Falta de cobertura en la zona
6069,14/05/2009,Falta de cobertura en la zona
6084,14/05/2009,Falta de cobertura en la zona
6087,22/07/2008,Falta de cobertura en la zona
6096,14/05/2009,Falta de cobertura en la zona
6105,14/05/2009,Falta de cobertura en la zona
6120,14/05/2009,Falta de cobertura en la zona
6132,14/05/2009,Falta de cobertura en la zona
6135,14/05/2009,Falta de cobertura en la zona
6147,14/05/2009,Falta de cobertura en la zona
6153,14/05/2009,Falta de cobertura en la zona
6159,14/05/2009,Falta de cobertura en la zona
6165,14/05/2009,Falta de cobertura en la zona
6168,14/05/2009,Falta de cobertura en la zona
6183,14/05/2009,Falta de cobertura en la zona
6186,20/06/2008,Otro
6201,29/07/2009,Viaje al extranjero
6216,29/07/2009,Viaje al extranjero
6222,29/07/2009,Viaje al extranjero
6228,29/07/2009,Viaje al extranjero
6231,26/12/2009,Sin capacidad de pago
6249,29/07/2009,Viaje al extranjero
6252,31/12/2008,Viaje al extranjero
6258,29/07/2009,Viaje al extranjero
6273,29/07/2009,Viaje al extranjero
6276,29/07/2009,Viaje al extranjero
6285,29/07/2009,Viaje al extranjero
6294,29/07/2009,Viaje al extranjero
6306,29/07/2009,Viaje al extranjero
6315,29/07/2009,Viaje al extranjero
6330,29/07/2009,Viaje al extranjero
6339,24/04/2009,Otro
6360,23/01/2009,Cambio de operador
6396,30/12/2008,Sin capacidad de pago
6411,07/02/2009,Sin capacidad de pago
6414,03/12/2008,Fallecimiento del cliente
6420,22/05/2008,Inconformidad del servicio
6624,14/11/2009,Fallecimiento del cliente
6645,18/08/2009,Otro
6648,01/08/2009,Cambio de operador
6663,19/12/2009,Inconformidad del servicio
6678,19/01/2008,Viaje al extranjero
6687,05/06/2008,Falta de cobertura en la zona
6705,06/03/2008,Sin capacidad de pago
6990,05/02/2008,Falta de cobertura en la zona
7002,24/12/2008,Falta de cobertura en la zona
7023,20/07/2009,Sin capacidad de pago
7026,27/08/2009,Otro
7050,26/06/2008,Fallecimiento del cliente
7056,27/10/2008,Falta de cobertura en la zona
7068,31/08/2009,Sin capacidad de pago
7230,19/10/2009,Sin capacidad de pago
7245,03/04/2009,Fallecimiento del cliente
7254,21/07/2009,Viaje al extranjero
7257,20/04/2009,Inconformidad del servicio
7263,12/11/2008,Inconformidad del servicio
7296,23/06/2009,Cambio de operador
7299,23/04/2009,Falta de cobertura en la zona
7347,13/04/2008,Sin capacidad de pago
7362,10/12/2009,Sin capacidad de pago
7368,05/03/2009,Sin capacidad de pago
7380,25/03/2008,Inconformidad del servicio
7407,26/02/2009,Cambio de operador
7443,15/09/2009,Inconformidad del servicio
7452,15/09/2009,Inconformidad del servicio
7461,15/09/2009,Inconformidad del servicio
7473,15/09/2009,Inconformidad del servicio
7485,15/09/2009,Inconformidad del servicio
7488,01/12/2009,Inconformidad del servicio
7500,15/09/2009,Inconformidad del servicio
7503,15/09/2009,Inconformidad del servicio
7506,15/09/2009,Inconformidad del servicio
7518,15/09/2009,Inconformidad del servicio
7524,15/09/2009,Inconformidad del servicio
7533,15/09/2009,Inconformidad del servicio
7539,15/09/2009,Inconformidad del servicio
7548,15/09/2009,Inconformidad del servicio
7557,15/09/2009,Inconformidad del servicio
7566,15/09/2009,Inconformidad del servicio
7569,15/09/2009,Inconformidad del servicio
7575,15/09/2009,Inconformidad del servicio
7590,15/09/2009,Inconformidad del servicio
7596,15/09/2009,Inconformidad del servicio
7602,15/09/2009,Inconformidad del servicio
7617,15/09/2009,Inconformidad del servicio
7626,15/09/2009,Inconformidad del servicio
7635,15/09/2009,Inconformidad del servicio
7650,15/09/2009,Inconformidad del servicio
7659,15/09/2009,Inconformidad del servicio
7665,15/09/2009,Inconformidad del servicio
7674,15/09/2009,Inconformidad del servicio
7686,15/09/2009,Inconformidad del servicio
7695,15/09/2009,Inconformidad del servicio
7779,07/09/2009,Inconformidad del servicio
7842,21/08/2008,Otro
7857,11/11/2008,Cambio de operador
7866,24/08/2009,Otro
7884,16/04/2008,Inconformidad del servicio
7887,22/11/2008,Sin capacidad de pago
7893,22/11/2008,Sin capacidad de pago
7902,22/11/2008,Sin capacidad de pago
7914,22/11/2008,Sin capacidad de pago
7917,02/04/2008,Viaje al extranjero
7935,22/11/2008,Sin capacidad de pago
7941,22/11/2008,Sin capacidad de pago
7944,03/08/2008,Falta de cobertura en la zona
7956,22/11/2008,Sin capacidad de pago
7965,22/11/2008,Sin capacidad de pago
7971,22/11/2008,Sin capacidad de pago
7974,21/09/2008,Falta de cobertura en la zona
7989,22/11/2008,Sin capacidad de pago
7992,22/11/2008,Sin capacidad de pago
7995,22/11/2008,Sin capacidad de pago
8001,22/11/2008,Sin capacidad de pago
8016,22/11/2008,Sin capacidad de pago
8034,18/05/2009,Inconformidad del servicio
8040,06/02/2008,Cambio de operador
8106,28/05/2009,Inconformidad del servicio
8118,28/05/2009,Inconformidad del servicio
8127,28/05/2009,Inconformidad del servicio
8130,28/05/2009,Inconformidad del servicio
8136,28/05/2009,Inconformidad del servicio
8154,28/05/2009,Inconformidad del servicio
8163,28/05/2009,Inconformidad del servicio
8166,28/05/2009,Inconformidad del servicio
8169,28/05/2009,Inconformidad del servicio
8178,28/05/2009,Inconformidad del servicio
8184,28/05/2009,Inconformidad del servicio
8196,28/05/2009,Inconformidad del servicio
8211,28/05/2009,Inconformidad del servicio
8226,08/10/2009,Inconformidad del servicio
8247,26/06/2009,Cambio de operador
8259,08/09/2008,Otro
8433,26/07/2009,Cambio de operador
8463,07/07/2008,Falta de cobertura en la zona
8466,11/07/2009,Cambio de operador
8469,16/12/2009,Cambio de operador
8481,29/09/2009,Otro
8493,10/11/2009,Otro
8511,25/11/2009,Cambio de operador
8517,04/06/2009,Falta de cobertura en la zona
8529,04/06/2009,Falta de cobertura en la zona
8535,04/06/2009,Falta de cobertura en la zona
8556,04/06/2009,Falta de cobertura en la zona
8565,04/06/2009,Falta de cobertura en la zona
8568,27/08/2008,Otro
8580,04/06/2009,Falta de cobertura en la zona
8589,04/06/2009,Falta de cobertura en la zona
8604,04/06/2009,Falta de cobertura en la zona
8619,04/06/2009,Falta de cobertura en la zona
8622,04/06/2009,Falta de cobertura en la zona
8625,28/02/2008,Falta de cobertura en la zona
8658,05/02/2009,Cambio de operador
8685,27/01/2009,Falta de cobertura en la zona
8691,27/01/2009,Falta de cobertura en la zona
8709,27/01/2009,Falta de cobertura en la zona
8715,27/01/2009,Falta de cobertura en la zona
8718,23/04/2009,Falta de cobertura en la zona
8724,27/01/2009,Falta de cobertura en la zona
8733,27/01/2009,Falta de cobertura en la zona
8739,27/01/2009,Falta de cobertura en la zona
8748,27/01/2009,Falta de cobertura en la zona
8754,27/01/2009,Falta de cobertura en la zona
8757,25/12/2009,Inconformidad del servicio
8769,27/01/2009,Falta de cobertura en la zona
8775,27/01/2009,Falta de cobertura en la zona
8781,27/01/2009,Falta de cobertura en la zona
8790,27/01/2009,Falta de cobertura en la zona
8796,27/01/2009,Falta de cobertura en la zona
8808,27/01/2009,Falta de cobertura en la zona
8811,27/01/2009,Falta de cobertura en la zona
8817,27/01/2009,Falta de cobertura en la zona
8829,27/01/2009,Falta de cobertura en la zona
8841,27/01/2009,Falta de cobertura en la zona
8850,27/01/2009,Falta de cobertura en la zona
8856,27/01/2009,Falta de cobertura en la zona
8865,27/01/2009,Falta de cobertura en la zona
8871,27/01/2009,Falta de cobertura en la zona
8874,27/01/2009,Falta de cobertura en la zona
8889,27/01/2009,Falta de cobertura en la zona
8925,30/09/2009,Falta de cobertura en la zona
9039,02/07/2009,Sin capacidad de pago
9051,28/05/2009,Viaje al extranjero
9063,07/09/2008,Cambio de operador
9162,05/07/2008,Inconformidad del servicio
9165,27/10/2009,Inconformidad del servicio
9270,06/12/2009,Otro
9285,02/04/2008,Fallecimiento del cliente
9297,07/04/2008,Otro
9402,07/11/2008,Cambio de operador
9429,14/02/2009,Otro
9441,28/12/2009,Inconformidad del servicio
9459,12/11/2009,Sin capacidad de pago
9477,05/09/2009,Otro
9480,02/02/2008,Inconformidad del servicio
9504,07/04/2009,Cambio de operador
9528,07/02/2008,Otro
9543,06/06/2008,Cambio de operador
9552,06/01/2009,Fallecimiento del cliente
9558,06/01/2009,Fallecimiento del cliente
9573,06/01/2009,Fallecimiento del cliente
9582,06/01/2009,Fallecimiento del cliente
9588,06/01/2009,Fallecimiento del cliente
9600,06/01/2009,Fallecimiento del cliente
9609,06/01/2009,Fallecimiento del cliente
9621,06/01/2009,Fallecimiento del cliente
9627,06/01/2009,Fallecimiento del cliente
9630,06/01/2009,Fallecimiento del cliente
9639,06/01/2009,Fallecimiento del cliente
9642,27/09/2009,Inconformidad del servicio
9645,06/01/2009,Fallecimiento del cliente
9648,06/01/2009,Fallecimiento del cliente
9654,13/06/2008,Inconformidad del servicio
9663,06/01/2009,Fallecimiento del cliente
9672,06/01/2009,Fallecimiento del cliente
9678,06/01/2009,Fallecimiento del cliente
9690,06/01/2009,Fallecimiento del cliente
9714,06/01/2009,Fallecimiento del cliente
9729,06/01/2009,Fallecimiento del cliente
9738,06/01/2009,Fallecimiento del cliente
9750,06/01/2009,Fallecimiento del cliente
9753,08/11/2009,Sin capacidad de pago
9756,06/01/2009,Fallecimiento del cliente
9765,09/10/2009,Falta de cobertura en la zona
9768,13/05/2008,Fallecimiento del cliente
9774,06/10/2009,Falta de cobertura en la zona
9789,30/03/2009,Inconformidad del servicio
9804,18/06/2009,Sin capacidad de pago
9810,09/06/2009,Sin capacidad de pago
9957,06/11/2009,Viaje al extranjero
9966,23/07/2009,Falta de cobertura en la zona
9993,24/10/2009,Cambio de operador
10128,05/11/2009,Cambio de operador
10263,05/04/2008,Cambio de operador
10272,22/06/2008,Cambio de operador
10287,22/06/2008,Cambio de operador
10293,22/06/2008,Cambio de operador
10299,22/06/2008,Cambio de operador
10302,24/10/2008,Fallecimiento del cliente
10311,22/06/2008,Cambio de operador
10329,22/06/2008,Cambio de operador
10344,22/06/2008,Cambio de operador
10356,22/06/2008,Cambio de operador
10365,22/06/2008,Cambio de operador
10374,22/06/2008,Cambio de operador
10389,22/06/2008,Cambio de operador
10395,22/06/2008,Cambio de operador
10401,22/06/2008,Cambio de operador
10410,22/06/2008,Cambio de operador
10413,10/07/2008,Falta de cobertura en la zona
10422,22/06/2008,Cambio de operador
10431,22/06/2008,Cambio de operador
10440,22/06/2008,Cambio de operador
10452,22/06/2008,Cambio de operador
10467,22/06/2008,Cambio de operador
10476,22/06/2008,Cambio de operador
10491,22/06/2008,Cambio de operador
10497,22/06/2008,Cambio de operador
10500,22/06/2008,Cambio de operador
10506,22/06/2008,Cambio de operador
10518,22/06/2008,Cambio de operador
10521,23/12/2008,Cambio de operador
10527,22/06/2008,Cambio de operador
10536,22/06/2008,Cambio de operador
10542,03/01/2009,Sin capacidad de pago
10545,17/09/2008,Falta de cobertura en la zona
10557,30/11/2008,Cambio de operador
10566,15/09/2008,Viaje al extranjero
10572,23/03/2009,Cambio de operador
10575,13/07/2008,Otro
10587,23/10/2009,Inconformidad del servicio
10602,02/03/2009,Otro
10620,25/12/2008,Viaje al extranjero
10635,10/09/2009,Viaje al extranjero
10641,30/04/2009,Viaje al extranjero
10671,10/01/2008,Inconformidad del servicio
10677,10/01/2008,Inconformidad del servicio
10689,10/01/2008,Inconformidad del servicio
10695,10/01/2008,Inconformidad del servicio
10701,10/01/2008,Inconformidad del servicio
10707,10/01/2008,Inconformidad del servicio
10716,10/01/2008,Inconformidad del servicio
10722,10/01/2008,Inconformidad del servicio
10731,10/01/2008,Inconformidad del servicio
10743,10/01/2008,Inconformidad del servicio
10758,10/01/2008,Inconformidad del servicio
10764,10/01/2008,Inconformidad del servicio
10773,10/01/2008,Inconformidad del servicio
10776,30/12/2008,Inconformidad del servicio
10794,10/01/2008,Inconformidad del servicio
10803,10/01/2008,Inconformidad del servicio
10806,10/01/2008,Inconformidad del servicio
10821,10/01/2008,Inconformidad del servicio
10824,10/01/2008,Inconformidad del servicio
10833,10/01/2008,Inconformidad del servicio
10845,10/01/2008,Inconformidad del servicio
10851,10/01/2008,Inconformidad del servicio
10860,10/01/2008,Inconformidad del servicio
10866,10/01/2008,Inconformidad del servicio
10872,10/01/2008,Inconformidad del servicio
10881,10/01/2008,Inconformidad del servicio
10884,10/01/2008,Inconformidad del servicio
10902,17/12/2008,Otro
10905,22/12/2009,Inconformidad del servicio
10920,21/11/2009,Sin capacidad de pago
10929,21/11/2009,Sin capacidad de pago
10941,21/11/2009,Sin capacidad de pago
10944,21/11/2009,Sin capacidad de pago
10950,21/11/2009,Sin capacidad de pago
10965,21/11/2009,Sin capacidad de pago
10980,21/11/2009,Sin capacidad de pago
10986,21/11/2009,Sin capacidad de pago
10992,21/11/2009,Sin capacidad de pago
10998,21/11/2009,Sin capacidad de pago
11007,31/07/2008,Falta de cobertura en la zona
11016,30/01/2008,Cambio de operador
11037,11/02/2009,Inconformidad del servicio
11049,11/03/2009,Cambio de operador
11058,04/04/2008,Otro
11067,07/03/2008,Cambio de operador
11079,05/05/2009,Viaje al extranjero
11103,14/01/2008,Otro
11133,29/10/2008,Cambio de operador
11139,25/01/2009,Cambio de operador
11145,12/12/2008,Falta de cobertura en la zona
11151,12/05/2009,Cambio de operador
11163,08/12/2009,Falta de cobertura en la zona
11175,19/11/2008,Otro
11187,21/03/2009,Sin capacidad de pago
11190,03/05/2009,Falta de cobertura en la zona
11229,30/07/2008,Viaje al extranjero
11232,19/04/2008,Cambio de operador
11250,16/11/2008,Sin capacidad de pago
11268,13/12/2009,Sin capacidad de pago
11280,10/07/2008,Falta de cobertura en la zona
11286,24/09/2008,Inconformidad del servicio
11292,13/02/2009,Cambio de operador
11307,21/06/2009,Falta de cobertura en la zona
11331,11/11/2009,Sin capacidad de pago
11334,11/08/2009,Falta de cobertura en la zona
11337,08/01/2009,Cambio de operador
11370,26/05/2008,Inconformidad del servicio
11373,17/11/2009,Cambio de operador
11418,12/05/2008,Cambio de operador
11427,12/10/2009,Otro
11445,02/02/2008,Cambio de operador
11469,18/06/2009,Inconformidad del servicio
11484,24/08/2008,Otro
11490,12/01/2008,Sin capacidad de pago
11505,27/04/2008,Sin capacidad de pago
11520,09/04/2008,Inconformidad del servicio
11535,15/03/2008,Cambio de operador
11583,06/03/2008,Viaje al extranjero
11586,06/03/2008,Viaje al extranjero
11604,06/03/2008,Viaje al extranjero
11610,06/03/2008,Viaje al extranjero
11622,06/03/2008,Viaje al extranjero
11640,06/03/2008,Viaje al extranjero
11646,06/03/2008,Viaje al extranjero
11652,06/03/2008,Viaje al extranjero
11664,06/03/2008,Viaje al extranjero
11667,06/03/2008,Viaje al extranjero
11685,06/03/2008,Viaje al extranjero
11697,06/03/2008,Viaje al extranjero
11706,06/03/2008,Viaje al extranjero
11727,06/03/2008,Viaje al extranjero
11733,06/03/2008,Viaje al extranjero
11736,09/08/2008,Falta de cobertura en la zona
11739,06/03/2008,Viaje al extranjero
11742,06/03/2008,Viaje al extranjero
11751,06/03/2008,Viaje al extranjero
11757,06/03/2008,Viaje al extranjero
11760,06/03/2008,Viaje al extranjero
11766,06/03/2008,Viaje al extranjero
11775,06/03/2008,Viaje al extranjero
11778,15/08/2009,Cambio de operador
11790,06/03/2008,Viaje al extranjero
11796,06/03/2008,Viaje al extranjero
11802,06/03/2008,Viaje al extranjero
11814,06/03/2008,Viaje al extranjero
11823,06/03/2008,Viaje al extranjero
11829,06/03/2008,Viaje al extranjero
11832,29/08/2009,Inconformidad del servicio
11841,06/03/2008,Viaje al extranjero
11850,06/03/2008,Viaje al extranjero
11859,06/03/2008,Viaje al extranjero
11862,13/12/2009,Sin capacidad de pago
11871,25/08/2008,Inconformidad del servicio
11880,06/02/2009,Viaje al extranjero
11886,09/06/2009,Cambio de operador
11904,11/05/2008,Sin capacidad de pago
11937,12/07/2009,Viaje al extranjero
11940,30/05/2009,Inconformidad del servicio
11970,16/12/2009,Cambio de operador
11976,22/08/2009,Fallecimiento del cliente
11982,15/05/2009,Inconformidad del servicio
12003,05/11/2009,Sin capacidad de pago
12009,08/03/2008,Sin capacidad de pago
12015,08/03/2008,Sin capacidad de pago
12021,08/03/2008,Sin capacidad de pago
12030,08/03/2008,Sin capacidad de pago
12033,08/03/2008,Sin capacidad de pago
12036,08/03/2008,Sin capacidad de pago
12039,28/07/2008,Sin capacidad de pago
12045,08/03/2008,Sin capacidad de pago
12063,08/03/2008,Sin capacidad de pago
12072,08/03/2008,Sin capacidad de pago
12081,08/03/2008,Sin capacidad de pago
12096,08/03/2008,Sin capacidad de pago
12102,08/03/2008,Sin capacidad de pago
12114,08/03/2008,Sin capacidad de pago
12123,08/03/2008,Sin capacidad de pago
12135,08/03/2008,Sin capacidad de pago
12141,08/03/2008,Sin capacidad de pago
12150,08/03/2008,Sin capacidad de pago
12153,03/06/2009,Cambio de operador
12162,08/03/2008,Sin capacidad de pago
12168,08/03/2008,Sin capacidad de pago
12183,08/03/2008,Sin capacidad de pago
12186,08/03/2008,Sin capacidad de pago
12198,08/03/2008,Sin capacidad de pago
12207,08/03/2008,Sin capacidad de pago
12216,03/01/2009,Fallecimiento del cliente
12225,05/12/2009,Cambio de operador
12228,05/12/2009,Cambio de operador
12231,18/09/2008,Falta de cobertura en la zona
12243,05/12/2009,Cambio de operador
12252,05/12/2009,Cambio de operador
12264,05/12/2009,Cambio de operador
12267,10/04/2009,Inconformidad del servicio
12288,05/12/2009,Cambio de operador
12294,16/07/2008,Inconformidad del servicio
12309,05/12/2009,Cambio de operador
12324,05/12/2009,Cambio de operador
12339,05/12/2009,Cambio de operador
12357,05/12/2009,Cambio de operador
12366,05/12/2009,Cambio de operador
12375,05/12/2009,Cambio de operador
12387,05/12/2009,Cambio de operador
12393,05/12/2009,Cambio de operador
12405,05/12/2009,Cambio de operador
12408,04/06/2009,Otro
12417,05/12/2009,Cambio de operador
12429,05/12/2009,Cambio de operador
12438,05/12/2009,Cambio de operador
12444,05/12/2009,Cambio de operador
12453,05/12/2009,Cambio de operador
12462,03/04/2008,Viaje al extranjero
12477,01/10/2009,Inconformidad del servicio
12495,29/09/2009,Falta de cobertura en la zona
12504,14/11/2009,Otro
12507,11/11/2008,Cambio de operador
12525,29/12/2008,Inconformidad del servicio
12546,05/05/2009,Cambio de operador
12558,20/10/2009,Falta de cobertura en la zona
12570,06/04/2009,Cambio de operador
12588,21/04/2009,Inconformidad del servicio
12636,17/01/2008,Otro
12783,23/10/2009,Falta de cobertura en la zona
12819,02/03/2008,Falta de cobertura en la zona
12828,20/11/2009,Falta de cobertura en la zona
13080,04/10/2009,Falta de cobertura en la zona
13104,12/02/2009,Otro
13113,23/07/2009,Sin capacidad de pago
13128,29/08/2009,Inconformidad del servicio
13200,26/03/2009,Fallecimiento del cliente
13254,02/12/2009,Sin capacidad de pago
13278,26/04/2009,Otro
13281,10/10/2008,Falta de cobertura en la zona
13293,01/09/2008,Inconformidad del servicio
13305,05/04/2008,Inconformidad del servicio
13317,27/07/2008,Viaje al extranjero
13326,23/05/2008,Inconformidad del servicio
13329,04/09/2008,Viaje al extranjero
13365,10/04/2008,Otro
13404,16/04/2009,Viaje al extranjero
13407,10/06/2009,Sin capacidad de pago
13425,31/08/2009,Inconformidad del servicio
13467,02/10/2009,Viaje al extranjero
13476,19/11/2008,Fallecimiento del cliente
13479,28/08/2008,Cambio de operador
13485,22/10/2009,Falta de cobertura en la zona
13497,20/09/2008,Inconformidad del servicio
13503,01/11/2009,Cambio de operador
13524,15/07/2008,Cambio de operador
13563,08/07/2009,Sin capacidad de pago
13572,16/04/2008,Cambio de operador
13584,15/08/2009,Sin capacidad de pago
13614,18/07/2009,Otro
13626,27/06/2009,Cambio de operador
13647,07/11/2009,Inconformidad del servicio
13650,05/09/2009,Otro
13671,19/07/2009,Otro
13707,17/02/2009,Inconformidad del servicio
13860,24/03/2009,Cambio de operador
13884,12/10/2008,Falta de cobertura en la zona
13887,08/01/2008,Cambio de operador
13893,30/11/2008,Sin capacidad de pago
13920,23/09/2009,Cambio de operador
13941,29/08/2009,Falta de cobertura en la zona
13950,26/10/2008,Sin capacidad de pago
13953,12/09/2008,Inconformidad del servicio
13965,15/04/2009,Otro
13974,29/08/2009,Otro
13983,29/05/2009,Inconformidad del servicio
13992,20/01/2009,Cambio de operador
14001,07/11/2008,Otro
14013,25/05/2009,Fallecimiento del cliente
14016,09/02/2008,Inconformidad del servicio
14025,21/04/2008,Inconformidad del servicio
14052,05/03/2008,Otro
14064,24/12/2008,Inconformidad del servicio
14076,24/12/2008,Inconformidad del servicio
14088,24/12/2008,Inconformidad del servicio
14097,24/12/2008,Inconformidad del servicio
14103,24/12/2008,Inconformidad del servicio
14109,24/12/2008,Inconformidad del servicio
14112,24/12/2008,Inconformidad del servicio
14121,24/12/2008,Inconformidad del servicio
14136,24/12/2008,Inconformidad del servicio
14142,24/12/2008,Inconformidad del servicio
14145,24/12/2008,Inconformidad del servicio
14151,24/12/2008,Inconformidad del servicio
14157,24/12/2008,Inconformidad del servicio
14163,24/12/2008,Inconformidad del servicio
14169,24/12/2008,Inconformidad del servicio
14220,04/11/2008,Inconformidad del servicio
14250,09/04/2009,Otro
14277,15/09/2009,Cambio de operador
14301,26/01/2009,Viaje al extranjero
14307,27/12/2009,Viaje al extranjero
14454,25/11/2009,Fallecimiento del cliente
14460,19/01/2008,Cambio de operador
14481,11/03/2009,Viaje al extranjero
14502,29/12/2009,Inconformidad del servicio
14532,26/01/2009,Cambio de operador
14535,09/11/2009,Cambio de operador
14598,20/05/2008,Viaje al extranjero
14700,28/11/2008,Sin capacidad de pago
14727,25/06/2008,Cambio de operador
14772,10/11/2009,Otro
14811,20/08/2008,Cambio de operador
14820,12/12/2009,Inconformidad del servicio
14826,13/12/2009,Inconformidad del servicio
14847,24/01/2008,Otro
14865,03/07/2009,Sin capacidad de pago
14886,16/11/2009,Sin capacidad de pago
14892,15/05/2008,Falta de cobertura en la zona
14895,09/09/2008,Inconformidad del servicio
14901,08/11/2009,Falta de cobertura en la zona
14907,08/04/2008,Inconformidad del servicio
14925,05/06/2009,Cambio de operador
14934,07/11/2009,Inconformidad del servicio
14955,27/08/2008,Inconformidad del servicio
14964,28/07/2009,Inconformidad del servicio
14991,30/06/2008,Cambio de operador
15003,04/02/2009,Cambio de operador
15006,04/02/2009,Cambio de operador
15015,04/02/2009,Cambio de operador
15033,04/02/2009,Cambio de operador
15042,04/02/2009,Cambio de operador
15054,04/02/2009,Cambio de operador
15063,04/02/2009,Cambio de operador
15066,04/02/2009,Cambio de operador
15069,30/03/2009,Fallecimiento del cliente
15078,04/02/2009,Cambio de operador
15084,04/02/2009,Cambio de operador
15096,04/02/2009,Cambio de operador
15102,04/02/2009,Cambio de operador
15117,04/02/2009,Cambio de operador
15120,04/02/2009,Cambio de operador
15138,04/02/2009,Cambio de operador
15141,04/02/2009,Cambio de operador
15150,04/02/2009,Cambio de operador
15168,04/02/2009,Cambio de operador
15174,04/02/2009,Cambio de operador
15183,04/02/2009,Cambio de operador
15201,23/05/2008,Otro
15207,13/03/2008,Falta de cobertura en la zona
15228,12/05/2009,Otro
15231,21/02/2009,Inconformidad del servicio
15234,04/03/2008,Sin capacidad de pago
15261,09/11/2009,Falta de cobertura en la zona
15297,09/02/2009,Falta de cobertura en la zona
15300,31/12/2008,Cambio de operador
15303,09/02/2009,Falta de cobertura en la zona
15306,06/10/2009,Inconformidad del servicio
15312,09/02/2009,Falta de cobertura en la zona
15318,09/02/2009,Falta de cobertura en la zona
15324,09/02/2009,Falta de cobertura en la zona
15339,09/02/2009,Falta de cobertura en la zona
15345,09/02/2009,Falta de cobertura en la zona
15354,09/02/2009,Falta de cobertura en la zona
15369,09/02/2009,Falta de cobertura en la zona
15381,09/02/2009,Falta de cobertura en la zona
15393,09/02/2009,Falta de cobertura en la zona
15402,09/02/2009,Falta de cobertura en la zona
15405,13/03/2008,Viaje al extranjero
15417,09/02/2009,Falta de cobertura en la zona
15423,09/02/2009,Falta de cobertura en la zona
15429,09/02/2009,Falta de cobertura en la zona
15435,06/09/2008,Sin capacidad de pago
15441,09/02/2009,Falta de cobertura en la zona
15444,09/02/2009,Falta de cobertura en la zona
15459,09/02/2009,Falta de cobertura en la zona
15465,09/02/2009,Falta de cobertura en la zona
15480,09/02/2009,Falta de cobertura en la zona
15492,09/02/2009,Falta de cobertura en la zona
15498,26/09/2009,Otro
15525,13/11/2009,Inconformidad del servicio
15546,20/02/2008,Inconformidad del servicio
15549,01/04/2008,Inconformidad del servicio
15585,01/02/2008,Cambio de operador
15597,24/08/2009,Fallecimiento del cliente
15600,14/12/2008,Viaje al extranjero
15603,26/02/2008,Falta de cobertura en la zona
15612,31/03/2009,Fallecimiento del cliente
15624,05/04/2009,Falta de cobertura en la zona
15636,13/01/2009,Inconformidad del servicio
15642,13/01/2009,Inconformidad del servicio
15651,13/01/2009,Inconformidad del servicio
15654,06/09/2008,Cambio de operador
15660,13/01/2009,Inconformidad del servicio
15672,13/01/2009,Inconformidad del servicio
15678,13/01/2009,Inconformidad del servicio
15684,24/08/2009,Falta de cobertura en la zona
15699,13/01/2009,Inconformidad del servicio
15705,13/01/2009,Inconformidad del servicio
15711,13/01/2009,Inconformidad del servicio
15723,13/01/2009,Inconformidad del servicio
15729,13/01/2009,Inconformidad del servicio
15738,13/01/2009,Inconformidad del servicio
15750,13/01/2009,Inconformidad del servicio
15759,13/01/2009,Inconformidad del servicio
15762,13/01/2009,Inconformidad del servicio
15774,13/01/2009,Inconformidad del servicio
15777,25/09/2009,Cambio de operador
15783,13/01/2009,Inconformidad del servicio
15789,28/01/2008,Inconformidad del servicio
15795,13/01/2009,Inconformidad del servicio
15807,13/01/2009,Inconformidad del servicio
15816,13/01/2009,Inconformidad del servicio
15828,13/01/2009,Inconformidad del servicio
15831,13/01/2009,Inconformidad del servicio
15837,13/01/2009,Inconformidad del servicio
15843,13/01/2009,Inconformidad del servicio
15849,13/01/2009,Inconformidad del servicio
15855,13/01/2009,Inconformidad del servicio
15864,13/01/2009,Inconformidad del servicio
15876,13/01/2009,Inconformidad del servicio
15885,13/01/2009,Inconformidad del servicio
15894,13/01/2009,Inconformidad del servicio
15900,16/07/2009,Sin capacidad de pago
15909,31/03/2009,Viaje al extranjero
15918,05/08/2009,Sin capacidad de pago
15957,11/10/2009,Sin capacidad de pago
15963,11/10/2009,Sin capacidad de pago
15966,11/10/2009,Sin capacidad de pago
15972,11/10/2009,Sin capacidad de pago
15981,11/10/2009,Sin capacidad de pago
15990,11/10/2009,Sin capacidad de pago
15999,11/10/2009,Sin capacidad de pago
16002,11/10/2009,Sin capacidad de pago
16005,11/10/2009,Sin capacidad de pago
16014,11/10/2009,Sin capacidad de pago
16020,11/10/2009,Sin capacidad de pago
16023,27/03/2008,Otro
16032,11/10/2009,Sin capacidad de pago
16044,11/10/2009,Sin capacidad de pago
16050,11/10/2009,Sin capacidad de pago
16053,11/10/2009,Sin capacidad de pago
16056,24/07/2009,Cambio de operador
16062,11/10/2009,Sin capacidad de pago
16074,11/10/2009,Sin capacidad de pago
16083,11/10/2009,Sin capacidad de pago
16101,11/10/2009,Sin capacidad de pago
16113,11/05/2009,Inconformidad del servicio
16125,26/05/2008,Otro
16143,07/12/2009,Sin capacidad de pago
16161,05/05/2008,Falta de cobertura en la zona
16173,03/09/2009,Fallecimiento del cliente
16179,01/06/2009,Falta de cobertura en la zona
16191,11/09/2009,Cambio de operador
16197,12/08/2009,Inconformidad del servicio
16215,11/11/2009,Inconformidad del servicio
16227,11/11/2008,Otro
16254,25/12/2009,Cambio de operador
16278,11/10/2008,Falta de cobertura en la zona
16290,19/02/2008,Sin capacidad de pago
16305,23/06/2008,Fallecimiento del cliente
16311,19/05/2008,Falta de cobertura en la zona
16338,26/04/2009,Inconformidad del servicio
16350,07/04/2009,Inconformidad del servicio
16356,08/11/2009,Inconformidad del servicio
16368,03/07/2008,Inconformidad del servicio
16383,07/06/2009,Falta de cobertura en la zona
16431,12/12/2008,Cambio de operador
16443,04/12/2008,Otro
16449,19/11/2009,Cambio de operador
16470,23/08/2009,Falta de cobertura en la zona
16506,04/05/2009,Sin capacidad de pago
16512,28/09/2008,Sin capacidad de pago
16524,27/10/2009,Sin capacidad de pago
16533,19/12/2009,Otro
16539,24/11/2009,Sin capacidad de pago
16575,28/06/2009,Fallecimiento del cliente
16611,11/04/2009,Inconformidad del servicio
16614,07/05/2008,Otro
16689,21/07/2009,Inconformidad del servicio
16725,17/11/2009,Sin capacidad de pago
16734,20/05/2008,Sin capacidad de pago
16740,25/09/2008,Sin capacidad de pago
16749,13/10/2009,Cambio de operador
16752,02/04/2008,Sin capacidad de pago
16758,06/08/2009,Otro
16776,10/04/2008,Cambio de operador
16800,25/02/2009,Viaje al extranjero
16809,02/08/2009,Otro
16818,21/01/2009,Inconformidad del servicio
16821,25/03/2008,Sin capacidad de pago
16878,26/04/2009,Falta de cobertura en la zona
16884,30/09/2008,Otro
16899,21/03/2008,Falta de cobertura en la zona
16917,04/11/2008,Sin capacidad de pago
16920,14/07/2008,Fallecimiento del cliente
16923,01/09/2008,Sin capacidad de pago
17010,17/10/2009,Sin capacidad de pago
17043,02/01/2009,Sin capacidad de pago
17187,24/03/2008,Inconformidad del servicio
17190,13/09/2009,Inconformidad del servicio
17211,04/05/2008,Sin capacidad de pago
17214,15/09/2009,Otro
17229,31/08/2008,Falta de cobertura en la zona
17247,31/08/2008,Falta de cobertura en la zona
17250,31/08/2008,Falta de cobertura en la zona
17259,31/08/2008,Falta de cobertura en la zona
17262,31/08/2008,Falta de cobertura en la zona
17271,31/08/2008,Falta de cobertura en la zona
17274,11/02/2009,Viaje al extranjero
17286,31/08/2008,Falta de cobertura en la zona
17289,02/02/2009,Falta de cobertura en la zona
17292,14/08/2008,Otro
17298,31/08/2008,Falta de cobertura en la zona
17304,31/08/2008,Falta de cobertura en la zona
17313,31/08/2008,Falta de cobertura en la zona
17322,31/08/2008,Falta de cobertura en la zona
17334,31/08/2008,Falta de cobertura en la zona
17343,31/08/2008,Falta de cobertura en la zona
17352,31/08/2008,Falta de cobertura en la zona
17358,31/08/2008,Falta de cobertura en la zona
17367,31/08/2008,Falta de cobertura en la zona
17382,31/08/2008,Falta de cobertura en la zona
17397,02/09/2008,Falta de cobertura en la zona
17436,28/01/2009,Cambio de operador
17469,01/12/2009,Otro
17481,26/12/2009,Viaje al extranjero
17484,11/12/2008,Cambio de operador
17493,05/03/2009,Cambio de operador
17514,29/03/2008,Sin capacidad de pago
17529,02/10/2008,Cambio de operador
17538,01/03/2008,Fallecimiento del cliente
17547,05/06/2009,Cambio de operador
17556,18/06/2009,Otro
17580,23/01/2008,Falta de cobertura en la zona
17592,01/07/2008,Cambio de operador
17610,06/11/2009,Cambio de operador
17619,09/03/2008,Sin capacidad de pago
17634,19/06/2008,Inconformidad del servicio
17643,15/09/2009,Falta de cobertura en la zona
17652,24/02/2008,Cambio de operador
17664,17/04/2009,Sin capacidad de pago
17676,11/03/2008,Sin capacidad de pago
17682,18/11/2008,Otro
17691,13/05/2009,Cambio de operador
17709,20/01/2009,Otro
17721,02/05/2008,Sin capacidad de pago
17727,02/05/2008,Sin capacidad de pago
17736,02/05/2008,Sin capacidad de pago
17742,02/05/2008,Sin capacidad de pago
17748,02/05/2008,Sin capacidad de pago
17760,02/05/2008,Sin capacidad de pago
17766,02/05/2008,Sin capacidad de pago
17778,02/05/2008,Sin capacidad de pago
17793,02/05/2008,Sin capacidad de pago
17799,02/05/2008,Sin capacidad de pago
17808,02/05/2008,Sin capacidad de pago
17811,14/08/2008,Inconformidad del servicio
17817,02/05/2008,Sin capacidad de pago
17841,03/10/2009,Otro
17847,28/03/2008,Falta de cobertura en la zona
17850,06/03/2008,Inconformidad del servicio
17865,20/10/2008,Falta de cobertura en la zona
17880,26/12/2009,Inconformidad del servicio
17883,11/01/2008,Falta de cobertura en la zona
17898,02/11/2008,Cambio de operador
17901,02/11/2008,Cambio de operador
17910,02/11/2008,Cambio de operador
17925,02/11/2008,Cambio de operador
17928,02/11/2008,Cambio de operador
17937,02/11/2008,Cambio de operador
17949,02/11/2008,Cambio de operador
17958,02/11/2008,Cambio de operador
17967,02/11/2008,Cambio de operador
17976,02/11/2008,Cambio de operador
17988,02/11/2008,Cambio de operador
18003,02/11/2008,Cambio de operador
18009,02/11/2008,Cambio de operador
18012,02/11/2008,Cambio de operador
18018,02/11/2008,Cambio de operador
18024,02/11/2008,Cambio de operador
18027,02/11/2008,Cambio de operador
18036,02/11/2008,Cambio de operador
18042,02/11/2008,Cambio de operador
18051,02/11/2008,Cambio de operador
18054,16/05/2009,Cambio de operador
18069,02/11/2008,Cambio de operador
18072,02/11/2008,Cambio de operador
18081,02/11/2008,Cambio de operador
18093,02/11/2008,Cambio de operador
18105,02/11/2008,Cambio de operador
18111,03/06/2009,Sin capacidad de pago
18114,12/07/2008,Sin capacidad de pago
18120,17/05/2008,Sin capacidad de pago
18132,07/07/2008,Falta de cobertura en la zona
18138,07/12/2009,Inconformidad del servicio
18141,21/12/2009,Otro
18192,08/06/2008,Sin capacidad de pago
18240,18/07/2008,Sin capacidad de pago
18282,16/03/2008,Cambio de operador
18291,28/06/2008,Sin capacidad de pago
18333,04/11/2009,Sin capacidad de pago
18366,10/08/2009,Viaje al extranjero
18402,30/10/2008,Cambio de operador
18441,24/12/2008,Inconformidad del servicio
18498,05/02/2008,Inconformidad del servicio
18510,19/01/2008,Inconformidad del servicio
18525,09/09/2009,Sin capacidad de pago
18543,20/03/2008,Cambio de operador
18549,18/11/2009,Fallecimiento del cliente
18558,04/05/2009,Cambio de operador
18582,20/10/2009,Sin capacidad de pago
18591,04/12/2008,Inconformidad del servicio
18606,13/04/2008,Cambio de operador
18624,13/04/2008,Cambio de operador
18633,13/04/2008,Cambio de operador
18642,13/04/2008,Cambio de operador
18651,13/04/2008,Cambio de operador
18657,13/04/2008,Cambio de operador
18663,13/04/2008,Cambio de operador
18669,13/04/2008,Cambio de operador
18675,13/04/2008,Cambio de operador
18684,13/04/2008,Cambio de operador
18690,13/04/2008,Cambio de operador
18699,11/10/2009,Viaje al extranjero
18702,13/08/2009,Cambio de operador
18705,13/07/2008,Falta de cobertura en la zona
18711,29/03/2009,Inconformidad del servicio
18714,02/12/2009,Viaje al extranjero
18738,20/09/2009,Otro
18744,13/05/2009,Cambio de operador
18750,05/08/2009,Otro
18777,09/07/2009,Fallecimiento del cliente
18789,04/10/2009,Cambio de operador
18792,28/08/2009,Inconformidad del servicio
18795,04/10/2009,Cambio de operador
18807,04/10/2009,Cambio de operador
18819,04/10/2009,Cambio de operador
18834,04/10/2009,Cambio de operador
18852,04/10/2009,Cambio de operador
18864,04/10/2009,Cambio de operador
18870,04/10/2009,Cambio de operador
18876,04/10/2009,Cambio de operador
18885,04/10/2009,Cambio de operador
18900,04/10/2009,Cambio de operador
18918,04/10/2009,Cambio de operador
18930,04/10/2009,Cambio de operador
18936,04/10/2009,Cambio de operador
18939,04/10/2009,Cambio de operador
18948,21/08/2009,Inconformidad del servicio
18951,25/05/2008,Fallecimiento del cliente
18957,07/11/2009,Inconformidad del servicio
19026,22/12/2009,Sin capacidad de pago
19047,17/07/2009,Otro
19050,29/08/2008,Falta de cobertura en la zona
19053,01/06/2008,Cambio de operador
19059,20/12/2009,Viaje al extranjero
19068,30/11/2009,Falta de cobertura en la zona
19071,01/11/2009,Falta de cobertura en la zona
19116,05/12/2008,Cambio de operador
19119,04/11/2009,Cambio de operador
19137,27/12/2009,Cambio de operador
19149,24/06/2008,Viaje al extranjero
19161,29/06/2008,Otro
19176,14/12/2009,Cambio de operador
19179,29/11/2009,Sin capacidad de pago
19188,28/06/2008,Falta de cobertura en la zona
19230,15/12/2008,Cambio de operador
19248,26/11/2008,Sin capacidad de pago
19362,20/07/2008,Inconformidad del servicio
19428,13/04/2008,Otro
19437,27/11/2009,Otro
19737,27/01/2008,Inconformidad del servicio
19758,04/12/2008,Falta de cobertura en la zona
19770,02/02/2009,Cambio de operador
19773,21/12/2009,Inconformidad del servicio
19776,28/02/2009,Sin capacidad de pago
19794,02/09/2008,Inconformidad del servicio
19806,30/07/2009,Cambio de operador
19842,27/10/2008,Inconformidad del servicio
19860,18/10/2009,Inconformidad del servicio
19863,21/10/2009,Sin capacidad de pago
19869,21/10/2009,Sin capacidad de pago
19872,21/10/2009,Sin capacidad de pago
19884,21/10/2009,Sin capacidad de pago
19890,21/10/2009,Sin capacidad de pago
19899,21/10/2009,Sin capacidad de pago
19905,21/10/2009,Sin capacidad de pago
19920,21/10/2009,Sin capacidad de pago
19923,21/10/2009,Sin capacidad de pago
19926,21/10/2009,Sin capacidad de pago
19941,21/10/2009,Sin capacidad de pago
19950,21/10/2009,Sin capacidad de pago
19956,21/10/2009,Sin capacidad de pago
19968,21/10/2009,Sin capacidad de pago
19980,21/10/2009,Sin capacidad de pago
20007,21/10/2009,Sin capacidad de pago
20010,21/10/2009,Sin capacidad de pago
20019,21/10/2009,Sin capacidad de pago
20031,21/10/2009,Sin capacidad de pago
20034,22/10/2008,Otro
20049,21/10/2009,Sin capacidad de pago
20052,18/12/2008,Sin capacidad de pago
20061,21/10/2009,Sin capacidad de pago
20073,21/10/2009,Sin capacidad de pago
20085,21/10/2009,Sin capacidad de pago
20094,21/10/2009,Sin capacidad de pago
20097,02/05/2009,Sin capacidad de pago
20106,21/12/2009,Sin capacidad de pago
20142,13/10/2008,Cambio de operador
20151,25/04/2009,Viaje al extranjero
20154,29/06/2008,Falta de cobertura en la zona
20157,01/06/2009,Cambio de operador
20160,06/12/2009,Cambio de operador
20208,01/02/2009,Fallecimiento del cliente
20247,27/04/2008,Inconformidad del servicio
20256,27/04/2008,Inconformidad del servicio
20262,27/04/2008,Inconformidad del servicio
20277,27/04/2008,Inconformidad del servicio
20283,27/04/2008,Inconformidad del servicio
20286,27/04/2008,Inconformidad del servicio
20298,27/04/2008,Inconformidad del servicio
20307,27/04/2008,Inconformidad del servicio
20319,27/04/2008,Inconformidad del servicio
20328,27/04/2008,Inconformidad del servicio
20334,27/04/2008,Inconformidad del servicio
20343,27/04/2008,Inconformidad del servicio
20346,27/04/2008,Inconformidad del servicio
20355,27/04/2008,Inconformidad del servicio
20367,27/04/2008,Inconformidad del servicio
20370,20/08/2009,Cambio de operador
20379,27/04/2008,Inconformidad del servicio
20388,27/04/2008,Inconformidad del servicio
20400,27/04/2008,Inconformidad del servicio
20412,27/04/2008,Inconformidad del servicio
20421,27/04/2008,Inconformidad del servicio
20430,27/04/2008,Inconformidad del servicio
20433,10/05/2008,Viaje al extranjero
20436,22/04/2008,Sin capacidad de pago
20445,27/04/2008,Inconformidad del servicio
20448,25/08/2008,Inconformidad del servicio
20451,05/11/2009,Falta de cobertura en la zona
20538,04/04/2009,Otro
20574,28/11/2009,Inconformidad del servicio
20601,20/12/2009,Inconformidad del servicio
20679,03/04/2008,Falta de cobertura en la zona
20697,20/02/2008,Cambio de operador
20706,10/11/2009,Cambio de operador
20715,30/10/2008,Sin capacidad de pago
20730,30/10/2008,Sin capacidad de pago
20739,30/10/2008,Sin capacidad de pago
20751,30/10/2008,Sin capacidad de pago
20757,11/11/2008,Viaje al extranjero
20766,30/10/2008,Sin capacidad de pago
20769,08/12/2008,Otro
20775,30/10/2008,Sin capacidad de pago
20784,30/10/2008,Sin capacidad de pago
20787,30/10/2008,Sin capacidad de pago
20799,30/10/2008,Sin capacidad de pago
20820,30/10/2008,Sin capacidad de pago
20832,30/10/2008,Sin capacidad de pago
20841,30/10/2008,Sin capacidad de pago
20847,30/10/2008,Sin capacidad de pago
20856,30/10/2008,Sin capacidad de pago
20859,19/01/2009,Sin capacidad de pago
20871,30/10/2008,Sin capacidad de pago
20889,30/10/2008,Sin capacidad de pago
20898,30/10/2008,Sin capacidad de pago
20907,30/10/2008,Sin capacidad de pago
20913,30/10/2008,Sin capacidad de pago
20922,30/10/2008,Sin capacidad de pago
20925,30/10/2008,Sin capacidad de pago
20928,23/04/2008,Falta de cobertura en la zona
20937,30/10/2008,Sin capacidad de pago
20952,30/10/2008,Sin capacidad de pago
20961,30/10/2008,Sin capacidad de pago
20979,30/10/2008,Sin capacidad de pago
21015,26/06/2008,Fallecimiento del cliente
21027,01/01/2009,Cambio de operador
21138,20/07/2009,Inconformidad del servicio
21180,12/03/2009,Inconformidad del servicio
21201,24/12/2009,Sin capacidad de pago
21267,08/06/2009,Otro
21273,16/10/2008,Falta de cobertura en la zona
21282,01/03/2009,Sin capacidad de pago
21294,01/03/2009,Sin capacidad de pago
21300,01/03/2009,Sin capacidad de pago
21306,01/03/2009,Sin capacidad de pago
21318,01/03/2009,Sin capacidad de pago
21321,01/09/2009,Inconformidad del servicio
21333,01/03/2009,Sin capacidad de pago
21336,16/08/2008,Inconformidad del servicio
21342,01/03/2009,Sin capacidad de pago
21354,01/03/2009,Sin capacidad de pago
21360,01/03/2009,Sin capacidad de pago
21369,01/03/2009,Sin capacidad de pago
21378,01/03/2009,Sin capacidad de pago
21381,01/03/2009,Sin capacidad de pago
21396,01/03/2009,Sin capacidad de pago
21408,01/03/2009,Sin capacidad de pago
21411,21/08/2008,Inconformidad del servicio
21414,01/03/2009,Sin capacidad de pago
21429,01/03/2009,Sin capacidad de pago
21441,01/03/2009,Sin capacidad de pago
21444,22/03/2008,Inconformidad del servicio
21456,01/03/2009,Sin capacidad de pago
21468,01/03/2009,Sin capacidad de pago
21486,01/03/2009,Sin capacidad de pago
21492,06/07/2009,Viaje al extranjero
21540,17/01/2008,Otro
21546,16/11/2009,Sin capacidad de pago
21555,31/03/2009,Sin capacidad de pago
21582,31/10/2008,Otro
21585,08/05/2009,Cambio de operador
21591,04/09/2008,Cambio de operador
21600,04/12/2008,Sin capacidad de pago
21603,04/07/2009,Cambio de operador
21606,05/05/2009,Falta de cobertura en la zona
21609,09/07/2009,Inconformidad del servicio
21615,25/02/2009,Falta de cobertura en la zona
21633,16/10/2008,Fallecimiento del cliente
21642,06/06/2009,Viaje al extranjero
21651,18/02/2009,Cambio de operador
21930,08/09/2009,Otro
21957,27/07/2009,Sin capacidad de pago
21981,30/11/2009,Sin capacidad de pago
22068,22/08/2008,Inconformidad del servicio
22113,28/06/2008,Inconformidad del servicio
22128,28/03/2008,Inconformidad del servicio
22134,22/09/2009,Falta de cobertura en la zona
22167,24/04/2009,Falta de cobertura en la zona
22236,28/02/2009,Falta de cobertura en la zona
22245,03/01/2009,Fallecimiento del cliente
22266,01/05/2009,Sin capacidad de pago
22338,07/03/2008,Falta de cobertura en la zona
22347,04/07/2008,Falta de cobertura en la zona
22374,21/08/2009,Otro
22377,21/02/2008,Inconformidad del servicio
22398,14/01/2009,Otro
22410,11/02/2009,Cambio de operador
22425,21/06/2009,Fallecimiento del cliente
22434,15/12/2008,Inconformidad del servicio
22440,15/12/2008,Inconformidad del servicio
22449,15/12/2008,Inconformidad del servicio
22452,27/04/2008,Falta de cobertura en la zona
22461,15/12/2008,Inconformidad del servicio
22470,15/12/2008,Inconformidad del servicio
22482,15/12/2008,Inconformidad del servicio
22485,15/12/2008,Inconformidad del servicio
22494,15/12/2008,Inconformidad del servicio
22509,15/12/2008,Inconformidad del servicio
22521,15/12/2008,Inconformidad del servicio
22536,15/12/2008,Inconformidad del servicio
22539,15/12/2008,Inconformidad del servicio
22548,15/12/2008,Inconformidad del servicio
22557,15/12/2008,Inconformidad del servicio
22563,15/12/2008,Inconformidad del servicio
22572,15/12/2008,Inconformidad del servicio
22575,15/11/2009,Viaje al extranjero
22581,15/12/2008,Inconformidad del servicio
22599,03/09/2008,Falta de cobertura en la zona
22611,28/09/2009,Fallecimiento del cliente
22632,23/02/2009,Falta de cobertura en la zona
22641,21/09/2009,Sin capacidad de pago
22644,14/03/2008,Sin capacidad de pago
22656,04/12/2008,Cambio de operador
22803,07/12/2008,Falta de cobertura en la zona
22806,03/01/2009,Cambio de operador
22815,03/01/2009,Cambio de operador
22821,03/01/2009,Cambio de operador
22830,03/01/2009,Cambio de operador
22851,03/01/2009,Cambio de operador
22866,03/01/2009,Cambio de operador
22878,03/01/2009,Cambio de operador
22899,03/01/2009,Cambio de operador
22914,03/01/2009,Cambio de operador
22926,03/01/2009,Cambio de operador
22932,03/01/2009,Cambio de operador
22941,03/01/2009,Cambio de operador
22953,03/01/2009,Cambio de operador
22962,03/01/2009,Cambio de operador
22977,03/01/2009,Cambio de operador
22983,03/01/2009,Cambio de operador
22992,03/01/2009,Cambio de operador
22998,03/01/2009,Cambio de operador
23004,03/01/2009,Cambio de operador
23013,03/01/2009,Cambio de operador
23016,04/01/2009,Sin capacidad de pago
23028,03/01/2009,Cambio de operador
23037,03/01/2009,Cambio de operador
23043,03/01/2009,Cambio de operador
23049,03/01/2009,Cambio de operador
23064,03/01/2009,Cambio de operador
23088,25/08/2009,Inconformidad del servicio
23097,25/08/2009,Inconformidad del servicio
23112,25/08/2009,Inconformidad del servicio
23115,25/08/2009,Inconformidad del servicio
23121,25/08/2009,Inconformidad del servicio
23133,25/08/2009,Inconformidad del servicio
23139,25/08/2009,Inconformidad del servicio
23160,25/08/2009,Inconformidad del servicio
23166,25/08/2009,Inconformidad del servicio
23169,12/07/2008,Cambio de operador
23175,25/08/2009,Inconformidad del servicio
23184,25/08/2009,Inconformidad del servicio
23196,25/08/2009,Inconformidad del servicio
23199,25/08/2009,Inconformidad del servicio
23202,25/08/2009,Inconformidad del servicio
23208,25/08/2009,Inconformidad del servicio
23226,08/05/2009,Cambio de operador
23235,13/06/2009,Falta de cobertura en la zona
23256,17/12/2008,Viaje al extranjero
23271,26/01/2009,Falta de cobertura en la zona
23274,19/03/2008,Inconformidad del servicio
23295,16/12/2008,Cambio de operador
23340,13/12/2008,Cambio de operador
23343,30/12/2009,Inconformidad del servicio
23352,19/01/2008,Viaje al extranjero
23358,16/12/2009,Otro
23373,16/12/2009,Otro
23391,16/12/2009,Otro
23397,16/12/2009,Otro
23406,16/12/2009,Otro
23415,16/12/2009,Otro
23424,16/12/2009,Otro
23433,16/12/2009,Otro
23451,16/12/2009,Otro
23454,16/12/2009,Otro
23463,16/12/2009,Otro
23469,16/12/2009,Otro
23481,16/12/2009,Otro
23484,16/12/2009,Otro
23487,30/11/2009,Otro
23499,16/12/2009,Otro
23511,16/12/2009,Otro
23526,16/12/2009,Otro
23535,01/08/2009,Fallecimiento del cliente
23547,21/12/2008,Falta de cobertura en la zona
23580,27/10/2009,Cambio de operador
23619,17/04/2009,Inconformidad del servicio
23637,30/08/2009,Otro
23640,21/06/2008,Fallecimiento del cliente
23652,14/06/2009,Cambio de operador
23655,10/04/2009,Inconformidad del servicio
23685,29/09/2008,Sin capacidad de pago
23772,09/10/2008,Otro
23847,24/09/2008,Inconformidad del servicio
23859,27/01/2008,Falta de cobertura en la zona
23865,06/03/2009,Sin capacidad de pago
23880,03/12/2009,Otro
23883,22/01/2008,Inconformidad del servicio
23901,27/02/2008,Otro
23955,19/07/2009,Cambio de operador
24009,08/08/2009,Cambio de operador
24096,15/10/2009,Fallecimiento del cliente
24108,23/01/2008,Viaje al extranjero
24126,17/11/2008,Inconformidad del servicio
24180,19/04/2008,Sin capacidad de pago
24192,10/10/2008,Falta de cobertura en la zona
24195,26/06/2008,Falta de cobertura en la zona
24210,24/09/2008,Viaje al extranjero
24213,19/08/2008,Sin capacidad de pago
24219,10/06/2008,Inconformidad del servicio
24225,10/06/2008,Inconformidad del servicio
24240,10/06/2008,Inconformidad del servicio
24243,10/06/2008,Inconformidad del servicio
24249,10/06/2008,Inconformidad del servicio
24252,10/06/2008,Inconformidad del servicio
24258,10/06/2008,Inconformidad del servicio
24261,10/06/2008,Inconformidad del servicio
24267,10/06/2008,Inconformidad del servicio
24279,10/06/2008,Inconformidad del servicio
24288,10/06/2008,Inconformidad del servicio
24297,10/06/2008,Inconformidad del servicio
24306,10/06/2008,Inconformidad del servicio
24309,10/06/2008,Inconformidad del servicio
24321,10/06/2008,Inconformidad del servicio
24330,10/06/2008,Inconformidad del servicio
24342,10/06/2008,Inconformidad del servicio
24345,10/06/2008,Inconformidad del servicio
24357,10/06/2008,Inconformidad del servicio
24366,10/06/2008,Inconformidad del servicio
24372,10/06/2008,Inconformidad del servicio
24387,10/06/2008,Inconformidad del servicio
24393,10/06/2008,Inconformidad del servicio
24402,10/06/2008,Inconformidad del servicio
24414,10/06/2008,Inconformidad del servicio
24420,10/06/2008,Inconformidad del servicio
24429,10/06/2008,Inconformidad del servicio
24438,10/06/2008,Inconformidad del servicio
24459,11/09/2009,Sin capacidad de pago
24468,27/06/2009,Viaje al extranjero
24477,19/07/2008,Sin capacidad de pago
24495,29/06/2008,Inconformidad del servicio
24504,02/10/2009,Inconformidad del servicio
24543,19/03/2009,Sin capacidad de pago
24603,21/10/2008,Inconformidad del servicio
24606,20/12/2009,Viaje al extranjero
24693,19/09/2009,Cambio de operador
24705,04/10/2009,Fallecimiento del cliente
24708,07/05/2009,Otro
24711,02/07/2009,Falta de cobertura en la zona
24768,19/04/2008,Otro
24924,26/06/2008,Falta de cobertura en la zona
24969,24/09/2008,Inconformidad del servicio
24975,15/11/2008,Inconformidad del servicio
24996,20/01/2009,Sin capacidad de pago
25035,25/01/2008,Cambio de operador
25122,04/07/2009,Inconformidad del servicio
25146,28/03/2008,Falta de cobertura en la zona
25173,08/12/2008,Cambio de operador
25179,08/12/2008,Cambio de operador
25185,08/12/2008,Cambio de operador
25191,08/12/2008,Cambio de operador
25203,08/12/2008,Cambio de operador
25206,04/03/2008,Inconformidad del servicio
25212,08/12/2008,Cambio de operador
25221,08/12/2008,Cambio de operador
25230,08/12/2008,Cambio de operador
25242,08/12/2008,Cambio de operador
25248,08/12/2008,Cambio de operador
25254,08/12/2008,Cambio de operador
25275,23/11/2008,Sin capacidad de pago
25293,16/03/2008,Cambio de operador
25302,17/12/2009,Otro
25305,29/01/2009,Inconformidad del servicio
25344,19/10/2009,Otro
25389,02/10/2008,Viaje al extranjero
25440,20/11/2009,Cambio de operador
25527,06/04/2008,Inconformidad del servicio
25569,11/01/2009,Otro
25596,23/08/2008,Fallecimiento del cliente
25617,15/08/2009,Sin capacidad de pago
25629,01/06/2009,Inconformidad del servicio
25656,01/06/2009,Falta de cobertura en la zona
25677,21/07/2009,Falta de cobertura en la zona
25683,26/11/2008,Cambio de operador
25686,21/04/2009,Viaje al extranjero
25695,26/11/2008,Cambio de operador
25701,26/11/2008,Cambio de operador
25713,26/11/2008,Cambio de operador
25719,26/11/2008,Cambio de operador
25731,26/11/2008,Cambio de operador
25740,26/11/2008,Cambio de operador
25743,26/11/2008,Cambio de operador
25755,26/11/2008,Cambio de operador
25761,26/11/2008,Cambio de operador
25770,26/11/2008,Cambio de operador
25791,26/11/2008,Cambio de operador
25800,26/11/2008,Cambio de operador
25815,26/11/2008,Cambio de operador
25824,26/11/2008,Cambio de operador
25836,26/11/2008,Cambio de operador
25845,26/11/2008,Cambio de operador
25854,26/11/2008,Cambio de operador
25863,26/11/2008,Cambio de operador
25869,26/11/2008,Cambio de operador
25890,26/11/2008,Cambio de operador
25896,26/11/2008,Cambio de operador
25914,26/11/2008,Cambio de operador
25935,26/11/2008,Cambio de operador
25947,26/11/2008,Cambio de operador
25956,26/11/2008,Cambio de operador
25974,16/11/2009,Inconformidad del servicio
25986,14/02/2009,Falta de cobertura en la zona
26010,24/10/2009,Otro
26016,11/04/2008,Fallecimiento del cliente
26025,18/07/2009,Viaje al extranjero
26034,12/10/2009,Sin capacidad de pago
26085,11/01/2009,Inconformidad del servicio
26124,08/12/2009,Otro
26148,21/04/2009,Viaje al extranjero
26157,27/04/2009,Falta de cobertura en la zona
26181,28/10/2008,Otro
26205,29/06/2009,Inconformidad del servicio
26232,24/07/2009,Fallecimiento del cliente
26235,17/05/2009,Inconformidad del servicio
26256,22/10/2009,Cambio de operador
26262,23/01/2009,Otro
26286,23/05/2009,Inconformidad del servicio
26292,07/01/2008,Sin capacidad de pago
26304,17/12/2009,Cambio de operador
26313,24/07/2009,Otro
26328,24/07/2009,Otro
26337,24/07/2009,Otro
26349,24/07/2009,Otro
26352,22/12/2008,Otro
26364,24/07/2009,Otro
26367,25/10/2008,Inconformidad del servicio
26373,24/07/2009,Otro
26385,24/07/2009,Otro
26403,24/07/2009,Otro
26412,24/07/2009,Otro
26415,12/10/2009,Inconformidad del servicio
26424,24/07/2009,Otro
26436,24/07/2009,Otro
26448,24/07/2009,Otro
26457,24/07/2009,Otro
26463,24/07/2009,Otro
26478,21/01/2008,Otro
26490,22/07/2009,Cambio de operador
26508,27/03/2008,Sin capacidad de pago
26517,09/04/2008,Sin capacidad de pago
26538,21/01/2009,Sin capacidad de pago
26562,03/05/2009,Inconformidad del servicio
26592,23/09/2009,Inconformidad del servicio
26607,27/05/2009,Sin capacidad de pago
26616,22/10/2009,Inconformidad del servicio
26625,24/05/2009,Sin capacidad de pago
26628,20/06/2008,Cambio de operador
26637,24/05/2009,Sin capacidad de pago
26652,24/05/2009,Sin capacidad de pago
26661,24/05/2009,Sin capacidad de pago
26673,24/05/2009,Sin capacidad de pago
26682,24/05/2009,Sin capacidad de pago
26697,24/05/2009,Sin capacidad de pago
26706,24/05/2009,Sin capacidad de pago
26709,24/05/2009,Sin capacidad de pago
26721,24/05/2009,Sin capacidad de pago
26724,02/06/2009,Inconformidad del servicio
26730,24/05/2009,Sin capacidad de pago
26742,24/05/2009,Sin capacidad de pago
26751,24/05/2009,Sin capacidad de pago
26757,24/05/2009,Sin capacidad de pago
26766,24/05/2009,Sin capacidad de pago
26769,05/05/2009,Falta de cobertura en la zona
26775,24/05/2009,Sin capacidad de pago
26787,24/05/2009,Sin capacidad de pago
26793,24/05/2009,Sin capacidad de pago
26802,10/04/2008,Cambio de operador
26826,05/10/2008,Inconformidad del servicio
26835,08/09/2008,Falta de cobertura en la zona
26844,14/04/2008,Falta de cobertura en la zona
26868,07/07/2009,Falta de cobertura en la zona
26904,25/05/2008,Cambio de operador
26913,05/11/2009,Falta de cobertura en la zona
26925,22/08/2009,Fallecimiento del cliente
26961,22/09/2008,Otro
26997,20/04/2008,Inconformidad del servicio
27000,15/08/2009,Inconformidad del servicio
27006,13/12/2009,Sin capacidad de pago
27030,29/12/2009,Otro
27045,07/09/2008,Fallecimiento del cliente
27048,23/11/2008,Sin capacidad de pago
27099,27/05/2008,Cambio de operador
27120,11/04/2009,Falta de cobertura en la zona
27129,29/07/2009,Sin capacidad de pago
27141,11/06/2009,Sin capacidad de pago
27144,12/11/2008,Cambio de operador
27150,22/02/2008,Fallecimiento del cliente
27168,22/11/2009,Cambio de operador
27186,04/09/2008,Cambio de operador
27189,24/12/2008,Falta de cobertura en la zona
27201,09/01/2009,Cambio de operador
27213,06/07/2008,Falta de cobertura en la zona
27219,25/10/2009,Falta de cobertura en la zona
27234,25/10/2009,Falta de cobertura en la zona
27240,25/10/2009,Falta de cobertura en la zona
27243,29/08/2008,Falta de cobertura en la zona
27249,25/10/2009,Falta de cobertura en la zona
27252,25/10/2009,Falta de cobertura en la zona
27255,17/07/2009,Inconformidad del servicio
27258,25/10/2009,Falta de cobertura en la zona
27270,25/10/2009,Falta de cobertura en la zona
27282,25/10/2009,Falta de cobertura en la zona
27288,02/07/2008,Cambio de operador
27300,25/10/2009,Falta de cobertura en la zona
27309,25/10/2009,Falta de cobertura en la zona
27318,25/10/2009,Falta de cobertura en la zona
27327,25/10/2009,Falta de cobertura en la zona
27333,25/10/2009,Falta de cobertura en la zona
27342,25/10/2009,Falta de cobertura en la zona
27354,25/10/2009,Falta de cobertura en la zona
27360,25/10/2009,Falta de cobertura en la zona
27366,25/10/2009,Falta de cobertura en la zona
27369,03/10/2009,Viaje al extranjero
27375,25/10/2009,Falta de cobertura en la zona
27396,08/06/2009,Falta de cobertura en la zona
27402,11/11/2009,Sin capacidad de pago
27411,29/10/2009,Cambio de operador
27417,09/08/2009,Cambio de operador
27459,23/06/2008,Cambio de operador
27513,31/01/2008,Cambio de operador
27519,24/04/2008,Sin capacidad de pago
27531,22/03/2008,Sin capacidad de pago
27549,02/01/2009,Sin capacidad de pago
27561,08/03/2008,Sin capacidad de pago
27567,07/08/2009,Cambio de operador
27597,27/12/2009,Cambio de operador
27615,15/07/2008,Inconformidad del servicio
27633,01/08/2008,Otro
27651,14/05/2009,Sin capacidad de pago
27678,11/03/2009,Falta de cobertura en la zona
27684,27/08/2009,Inconformidad del servicio
27693,22/03/2009,Inconformidad del servicio
27699,23/06/2009,Falta de cobertura en la zona
27723,16/11/2009,Sin capacidad de pago
27729,31/08/2009,Fallecimiento del cliente
27750,14/01/2008,Sin capacidad de pago
27789,24/12/2009,Inconformidad del servicio
27798,01/12/2009,Falta de cobertura en la zona
27804,24/05/2009,Inconformidad del servicio
27810,22/08/2009,Falta de cobertura en la zona
27822,15/04/2009,Cambio de operador
27834,01/03/2008,Inconformidad del servicio
27837,02/02/2008,Cambio de operador
27840,06/10/2008,Inconformidad del servicio
27843,23/06/2008,Falta de cobertura en la zona
27852,16/09/2008,Inconformidad del servicio
27873,28/02/2008,Inconformidad del servicio
27882,18/12/2009,Sin capacidad de pago
27885,07/06/2008,Inconformidad del servicio
27894,27/05/2008,Cambio de operador
27912,17/11/2008,Otro
27918,04/07/2008,Falta de cobertura en la zona
27930,04/07/2008,Falta de cobertura en la zona
27936,04/07/2008,Falta de cobertura en la zona
27945,04/07/2008,Falta de cobertura en la zona
27951,04/07/2008,Falta de cobertura en la zona
27957,04/07/2008,Falta de cobertura en la zona
27963,04/07/2008,Falta de cobertura en la zona
27966,04/07/2008,Falta de cobertura en la zona
27975,04/07/2008,Falta de cobertura en la zona
27978,19/05/2009,Inconformidad del servicio
27984,04/07/2008,Falta de cobertura en la zona
27990,04/07/2008,Falta de cobertura en la zona
28002,04/07/2008,Falta de cobertura en la zona
28011,04/07/2008,Falta de cobertura en la zona
28020,04/07/2008,Falta de cobertura en la zona
28023,04/07/2008,Falta de cobertura en la zona
28029,04/07/2008,Falta de cobertura en la zona
28032,04/07/2008,Falta de cobertura en la zona
28038,04/07/2008,Falta de cobertura en la zona
28047,22/06/2009,Inconformidad del servicio
28068,16/12/2009,Sin capacidad de pago
28098,30/10/2008,Cambio de operador
28122,23/05/2008,Cambio de operador
28245,13/02/2008,Falta de cobertura en la zona
28254,29/09/2008,Inconformidad del servicio
28368,23/04/2008,Sin capacidad de pago
28377,28/10/2008,Otro
28392,28/10/2008,Otro
28395,28/10/2008,Otro
28404,28/10/2008,Otro
28410,28/10/2008,Otro
28416,28/10/2008,Otro
28428,28/10/2008,Otro
28452,28/10/2008,Otro
28455,28/10/2008,Otro
28461,28/10/2008,Otro
28470,28/10/2008,Otro
28473,28/10/2008,Otro
28482,28/10/2008,Otro
28488,28/10/2008,Otro
28497,28/10/2008,Otro
28509,28/10/2008,Otro
28512,28/10/2008,Otro
28524,28/10/2008,Otro
28527,28/10/2008,Otro
28536,28/10/2008,Otro
28545,28/10/2008,Otro
28551,28/10/2008,Otro
28566,28/10/2008,Otro
28710,08/03/2009,Inconformidad del servicio
28743,26/12/2009,Falta de cobertura en la zona
28872,25/05/2008,Sin capacidad de pago
28965,24/12/2009,Otro
28974,10/06/2008,Cambio de operador
29007,31/03/2009,Cambio de operador
29019,01/11/2009,Inconformidad del servicio
29022,14/02/2009,Otro
29040,06/08/2009,Inconformidad del servicio
29055,06/10/2008,Otro
29076,01/02/2009,Inconformidad del servicio
29115,21/05/2008,Viaje al extranjero
29187,30/07/2009,Viaje al extranjero
29469,10/02/2009,Falta de cobertura en la zona
29682,20/06/2008,Sin capacidad de pago
29850,21/07/2008,Falta de cobertura en la zona
30012,14/09/2009,Inconformidad del servicio
30279,11/11/2008,Inconformidad del servicio
30303,17/12/2008,Sin capacidad de pago
30420,01/09/2009,Cambio de operador
30432,28/11/2008,Cambio de operador
30885,18/11/2009,Cambio de operador
30888,06/11/2008,Otro
31005,07/05/2008,Sin capacidad de pago
31065,20/06/2009,Inconformidad del servicio
31077,19/06/2008,Falta de cobertura en la zona
31137,05/01/2009,Otro
31215,04/08/2008,Falta de cobertura en la zona
31281,26/06/2009,Falta de cobertura en la zona
31305,18/12/2009,Falta de cobertura en la zona
31398,13/06/2008,Cambio de operador
31482,02/09/2008,Fallecimiento del cliente
31509,28/06/2009,Falta de cobertura en la zona
31563,08/07/2008,Inconformidad del servicio
31842,17/09/2008,Viaje al extranjero
32001,11/12/2008,Sin capacidad de pago
32244,26/02/2008,Cambio de operador
32262,22/08/2008,Cambio de operador
32304,25/08/2009,Sin capacidad de pago
32340,09/11/2009,Inconformidad del servicio
32379,18/01/2009,Inconformidad del servicio
32385,15/05/2008,Falta de cobertura en la zona
32499,27/08/2009,Falta de cobertura en la zona
32514,25/10/2009,Falta de cobertura en la zona
32592,20/02/2008,Sin capacidad de pago
32601,23/05/2009,Inconformidad del servicio
32934,03/01/2008,Fallecimiento del cliente
33003,29/04/2008,Sin capacidad de pago
33006,06/09/2009,Inconformidad del servicio
33081,06/06/2009,Sin capacidad de pago
33156,23/11/2009,Viaje al extranjero
33159,11/06/2008,Cambio de operador
33165,10/11/2009,Sin capacidad de pago
33285,02/04/2008,Sin capacidad de pago
33288,21/06/2009,Falta de cobertura en la zona
33309,16/09/2008,Falta de cobertura en la zona
33339,07/10/2009,Cambio de operador
33369,21/02/2008,Fallecimiento del cliente
33423,19/12/2009,Inconformidad del servicio
33450,04/10/2009,Inconformidad del servicio
33468,26/03/2008,Cambio de operador
33513,24/07/2009,Falta de cobertura en la zona
33537,31/08/2009,Cambio de operador
33579,01/10/2008,Cambio de operador
33588,05/12/2009,Cambio de operador
33615,20/06/2008,Cambio de operador
33633,30/10/2008,Sin capacidad de pago
33693,15/11/2008,Falta de cobertura en la zona
33732,16/01/2008,Otro
33813,31/07/2009,Falta de cobertura en la zona
33891,14/01/2008,Sin capacidad de pago
33993,28/04/2009,Inconformidad del servicio
34059,10/11/2008,Otro
34113,27/10/2009,Inconformidad del servicio
34293,28/05/2008,Inconformidad del servicio
34317,26/07/2008,Sin capacidad de pago
34329,20/10/2009,Inconformidad del servicio
34344,26/06/2008,Cambio de operador
34416,20/09/2009,Falta de cobertura en la zona
34455,26/04/2009,Fallecimiento del cliente
34470,09/06/2009,Otro
34482,20/12/2009,Cambio de operador
34611,18/09/2008,Otro
34632,24/06/2008,Sin capacidad de pago
34692,13/08/2008,Falta de cobertura en la zona
34779,09/10/2009,Inconformidad del servicio
34791,08/05/2008,Sin capacidad de pago
34971,30/12/2008,Sin capacidad de pago
35103,12/03/2008,Falta de cobertura en la zona
35304,12/12/2009,Inconformidad del servicio
35388,11/09/2008,Inconformidad del servicio
35484,16/10/2009,Sin capacidad de pago
35559,10/12/2009,Falta de cobertura en la zona
35622,29/12/2008,Cambio de operador
35679,16/05/2009,Cambio de operador
35910,07/11/2008,Inconformidad del servicio
36003,28/01/2009,Otro
36093,07/02/2009,Cambio de operador
36114,26/02/2009,Otro
36144,07/07/2009,Inconformidad del servicio
36204,09/04/2008,Cambio de operador
36480,09/12/2008,Falta de cobertura en la zona
36495,18/03/2008,Cambio de operador
36513,21/09/2009,Inconformidad del servicio
36666,17/02/2008,Falta de cobertura en la zona
36855,07/06/2009,Cambio de operador
36957,27/06/2009,Cambio de operador
37110,01/11/2008,Sin capacidad de pago
37134,26/12/2008,Inconformidad del servicio
37179,20/02/2008,Inconformidad del servicio
37380,22/09/2008,Fallecimiento del cliente
37497,17/11/2009,Sin capacidad de pago
37500,15/05/2009,Falta de cobertura en la zona
37557,22/09/2008,Inconformidad del servicio
37575,03/08/2009,Inconformidad del servicio
37674,24/02/2008,Fallecimiento del cliente
37809,13/06/2008,Viaje al extranjero
37926,21/09/2008,Sin capacidad de pago
38160,08/04/2009,Otro
38709,05/09/2009,Cambio de operador
38727,29/10/2009,Viaje al extranjero
39021,15/10/2009,Inconformidad del servicio
39087,04/06/2009,Falta de cobertura en la zona
39120,29/12/2009,Falta de cobertura en la zona
39705,21/05/2008,Cambio de operador
39741,29/04/2008,Inconformidad del servicio
39786,17/11/2009,Cambio de operador
39792,01/07/2008,Inconformidad del servicio
39798,19/05/2009,Falta de cobertura en la zona
39846,09/12/2008,Fallecimiento del cliente
40173,25/01/2008,Sin capacidad de pago
40233,22/04/2009,Cambio de operador
40413,23/12/2009,Falta de cobertura en la zona
40422,25/12/2009,Otro
40461,05/12/2009,Sin capacidad de pago
40578,12/12/2009,Sin capacidad de pago
40587,26/04/2009,Cambio de operador
40608,09/08/2009,Fallecimiento del cliente
40662,23/01/2009,Sin capacidad de pago
40710,11/07/2008,Sin capacidad de pago
40809,10/07/2009,Sin capacidad de pago
40821,14/07/2009,Falta de cobertura en la zona
40938,01/02/2009,Falta de cobertura en la zona
41025,10/05/2009,Falta de cobertura en la zona
41070,23/04/2009,Otro
41079,06/09/2008,Falta de cobertura en la zona
41094,23/11/2009,Sin capacidad de pago
41208,12/12/2009,Cambio de operador
41292,03/01/2009,Sin capacidad de pago
41355,18/04/2009,Inconformidad del servicio
41382,11/09/2008,Sin capacidad de pago
41391,31/10/2009,Cambio de operador
41442,30/09/2008,Cambio de operador
41448,28/08/2009,Falta de cobertura en la zona
41493,03/12/2009,Cambio de operador
41505,18/04/2009,Falta de cobertura en la zona
41649,17/01/2008,Sin capacidad de pago
41685,19/12/2009,Inconformidad del servicio
41715,24/09/2008,Sin capacidad de pago
42159,01/07/2009,Viaje al extranjero
42321,30/07/2009,Falta de cobertura en la zona
42459,01/06/2009,Falta de cobertura en la zona
42513,31/03/2008,Sin capacidad de pago
42681,23/09/2009,Inconformidad del servicio
42714,21/10/2009,Otro
42804,02/11/2009,Inconformidad del servicio
42945,17/11/2008,Cambio de operador
43041,14/08/2009,Viaje al extranjero
43101,25/03/2008,Cambio de operador
43284,02/02/2009,Otro
43341,04/12/2008,Inconformidad del servicio
43344,27/06/2009,Cambio de operador
43368,02/04/2008,Otro
43413,01/12/2009,Fallecimiento del cliente
43656,22/08/2009,Falta de cobertura en la zona
43686,29/08/2009,Otro
43725,03/07/2009,Cambio de operador
43794,14/11/2008,Sin capacidad de pago
43848,19/06/2009,Inconformidad del servicio
44007,31/03/2009,Otro
44070,05/11/2009,Viaje al extranjero
44142,20/10/2009,Falta de cobertura en la zona
44193,25/12/2008,Inconformidad del servicio
44505,26/07/2008,Sin capacidad de pago
44676,15/02/2009,Sin capacidad de pago
44778,01/04/2008,Cambio de operador
44859,24/01/2009,Cambio de operador
45234,04/09/2008,Inconformidad del servicio
45261,26/07/2008,Otro
45282,21/06/2008,Cambio de operador
45357,02/11/2009,Cambio de operador
45768,21/04/2008,Otro
45792,07/11/2008,Inconformidad del servicio
45954,26/03/2008,Inconformidad del servicio
46011,23/04/2008,Inconformidad del servicio
46026,23/09/2009,Inconformidad del servicio
46041,16/06/2008,Otro
46062,21/12/2008,Otro
46065,20/01/2008,Falta de cobertura en la zona
46155,19/08/2008,Cambio de operador
46185,17/11/2008,Sin capacidad de pago
46236,17/12/2009,Otro
46311,26/05/2008,Inconformidad del servicio
46413,29/09/2009,Sin capacidad de pago
46539,28/12/2009,Inconformidad del servicio
46575,10/12/2009,Cambio de operador
46656,23/09/2009,Viaje al extranjero
46674,10/02/2009,Viaje al extranjero
46722,08/11/2009,Inconformidad del servicio
46839,12/01/2008,Cambio de operador
46968,25/10/2008,Inconformidad del servicio
47058,11/12/2008,Otro
47103,18/07/2008,Otro
47211,19/06/2008,Cambio de operador
47289,02/04/2008,Viaje al extranjero
47529,06/12/2009,Sin capacidad de pago
47793,13/07/2009,Viaje al extranjero
47856,03/09/2008,Falta de cobertura en la zona
48012,17/08/2009,Sin capacidad de pago
48207,29/09/2008,Falta de cobertura en la zona
48261,02/01/2009,Fallecimiento del cliente
48411,29/12/2008,Falta de cobertura en la zona
48432,05/09/2008,Fallecimiento del cliente
48597,08/09/2008,Fallecimiento del cliente
48717,06/10/2008,Sin capacidad de pago
48807,04/10/2008,Otro
49275,24/03/2009,Cambio de operador
49386,22/10/2009,Inconformidad del servicio
49461,30/03/2008,Inconformidad del servicio
49710,18/08/2008,Falta de cobertura en la zona
49755,08/06/2009,Otro
49776,18/03/2008,Cambio de operador
50064,01/09/2009,Falta de cobertura en la zona
50100,19/10/2008,Viaje al extranjero
50103,04/10/2009,Cambio de operador
50304,01/12/2008,Sin capacidad de pago
50340,11/10/2009,Viaje al extranjero
50343,16/11/2009,Inconformidad del servicio
50412,12/06/2009,Inconformidad del servicio
50424,27/04/2009,Sin capacidad de pago
50514,21/04/2009,Inconformidad del servicio
50556,19/12/2009,Sin capacidad de pago
50919,18/01/2008,Cambio de operador
50934,14/05/2009,Cambio de operador
50946,10/01/2008,Falta de cobertura en la zona
51006,24/12/2009,Inconformidad del servicio
51207,17/02/2009,Cambio de operador
51231,20/06/2008,Falta de cobertura en la zona
51285,25/09/2009,Cambio de operador
51378,08/10/2008,Falta de cobertura en la zona
51444,13/12/2009,Inconformidad del servicio
51663,21/06/2008,Inconformidad del servicio
51732,12/08/2009,Sin capacidad de pago
51756,22/12/2008,Falta de cobertura en la zona
51861,25/02/2009,Cambio de operador
51906,07/11/2009,Inconformidad del servicio
52020,10/03/2009,Inconformidad del servicio
52095,15/09/2008,Sin capacidad de pago
52113,30/10/2008,Cambio de operador
52137,14/07/2008,Cambio de operador
52362,26/08/2009,Falta de cobertura en la zona
52428,19/03/2008,Inconformidad del servicio
52548,19/12/2008,Cambio de operador
52635,28/06/2009,Fallecimiento del cliente
52809,04/04/2008,Viaje al extranjero
52821,07/07/2009,Otro
53136,14/06/2009,Sin capacidad de pago
53262,14/05/2009,Cambio de operador
53388,15/07/2009,Falta de cobertura en la zona
53391,27/06/2009,Otro
53412,07/03/2008,Inconformidad del servicio
53478,18/06/2009,Falta de cobertura en la zona
53535,02/09/2008,Otro
53550,17/10/2008,Cambio de operador
53829,06/07/2008,Otro
53994,18/02/2008,Fallecimiento del cliente
54069,10/06/2008,Falta de cobertura en la zona
54168,10/09/2009,Sin capacidad de pago
54186,01/11/2008,Cambio de operador
54261,21/02/2008,Otro
54327,02/02/2008,Inconformidad del servicio
54351,20/08/2009,Cambio de operador
54375,23/06/2009,Sin capacidad de pago
54411,03/03/2009,Inconformidad del servicio
54504,16/02/2008,Viaje al extranjero
54588,17/12/2009,Viaje al extranjero
54708,26/05/2008,Cambio de operador
54780,29/08/2008,Sin capacidad de pago
54795,16/06/2009,Sin capacidad de pago
54924,07/01/2009,Cambio de operador
55050,10/11/2009,Otro
55155,27/01/2009,Cambio de operador
55233,08/10/2009,Viaje al extranjero
55275,05/02/2008,Fallecimiento del cliente
55392,24/07/2008,Inconformidad del servicio
55434,15/05/2008,Falta de cobertura en la zona
55539,09/09/2009,Inconformidad del servicio
55755,16/05/2008,Sin capacidad de pago
55788,28/01/2009,Otro
55812,12/10/2009,Sin capacidad de pago
56004,18/05/2008,Inconformidad del servicio
56022,01/08/2008,Viaje al extranjero
56115,26/11/2009,Otro
56418,02/07/2008,Inconformidad del servicio
56574,10/08/2008,Otro
56700,22/05/2009,Sin capacidad de pago
56775,09/06/2009,Cambio de operador
56838,09/08/2009,Fallecimiento del cliente
57003,02/06/2008,Inconformidad del servicio
57162,04/01/2009,Fallecimiento del cliente
57264,05/08/2009,Otro
57342,10/07/2008,Falta de cobertura en la zona
57453,29/11/2008,Inconformidad del servicio
57456,20/12/2009,Inconformidad del servicio
57468,23/05/2009,Inconformidad del servicio
57477,12/04/2008,Otro
57666,08/06/2008,Cambio de operador
57669,15/09/2009,Fallecimiento del cliente
57675,28/02/2009,Sin capacidad de pago
57690,12/01/2008,Viaje al extranjero
57852,17/11/2009,Cambio de operador
58227,20/01/2008,Sin capacidad de pago
58296,01/07/2009,Inconformidad del servicio
58371,13/01/2009,Cambio de operador
58383,30/04/2009,Viaje al extranjero
58557,12/04/2008,Cambio de operador
58734,25/12/2008,Falta de cobertura en la zona
58917,25/06/2009,Falta de cobertura en la zona
58971,15/11/2009,Viaje al extranjero
59157,28/06/2009,Falta de cobertura en la zona
59340,04/04/2008,Inconformidad del servicio
59352,19/07/2008,Cambio de operador
59376,03/01/2009,Falta de cobertura en la zona
59448,23/03/2009,Cambio de operador
59466,04/10/2009,Cambio de operador
59481,14/06/2008,Falta de cobertura en la zona
59508,25/10/2008,Sin capacidad de pago
59556,27/03/2009,Falta de cobertura en la zona
59913,03/06/2008,Inconformidad del servicio
60228,29/01/2009,Inconformidad del servicio
60255,02/09/2008,Falta de cobertura en la zona
60270,10/12/2009,Viaje al extranjero
60291,27/03/2009,Otro
60495,30/06/2008,Falta de cobertura en la zona
60504,25/07/2008,Falta de cobertura en la zona
60933,11/12/2008,Inconformidad del servicio
60942,13/12/2009,Inconformidad del servicio
60945,19/09/2009,Sin capacidad de pago
61101,21/06/2009,Falta de cobertura en la zona
61131,10/03/2008,Cambio de operador
61143,27/06/2009,Falta de cobertura en la zona
61314,10/01/2009,Sin capacidad de pago
61431,18/12/2009,Cambio de operador
61476,18/09/2008,Sin capacidad de pago
61590,27/03/2008,Inconformidad del servicio
61836,19/12/2009,Cambio de operador
61965,08/02/2008,Falta de cobertura en la zona
61995,01/10/2008,Cambio de operador
62142,25/12/2009,Viaje al extranjero
62154,14/02/2008,Otro
62325,26/01/2009,Cambio de operador
62406,14/05/2009,Cambio de operador
62523,16/07/2008,Cambio de operador
62595,26/12/2009,Falta de cobertura en la zona
62616,06/10/2008,Cambio de operador
62802,09/11/2009,Inconformidad del servicio
62823,21/10/2008,Inconformidad del servicio
62859,24/06/2009,Otro
62937,15/01/2009,Cambio de operador
62943,09/11/2009,Otro
63042,05/03/2009,Inconformidad del servicio
63210,02/04/2008,Falta de cobertura en la zona
63225,07/04/2009,Sin capacidad de pago
63228,02/11/2008,Sin capacidad de pago
63534,19/11/2009,Viaje al extranjero
63672,01/01/2009,Sin capacidad de pago
63696,10/01/2009,Fallecimiento del cliente
63750,29/12/2009,Cambio de operador
63933,29/12/2009,Cambio de operador
63936,26/08/2009,Sin capacidad de pago
64056,17/05/2008,Inconformidad del servicio
64155,29/08/2009,Cambio de operador
64200,17/04/2009,Falta de cobertura en la zona
64500,29/11/2008,Cambio de operador
64569,05/01/2009,Inconformidad del servicio
64674,09/04/2008,Inconformidad del servicio
64737,20/05/2009,Sin capacidad de pago
64776,05/01/2008,Otro
65403,13/06/2009,Inconformidad del servicio
65418,07/10/2009,Inconformidad del servicio
65445,12/05/2009,Cambio de operador
65484,12/06/2009,Viaje al extranjero
65565,30/09/2009,Cambio de operador
65607,25/12/2009,Cambio de operador
65646,08/10/2009,Falta de cobertura en la zona
65712,20/11/2008,Falta de cobertura en la zona
65871,09/09/2009,Falta de cobertura en la zona
65943,17/05/2008,Inconformidad del servicio
66048,01/12/2009,Inconformidad del servicio
66237,22/08/2008,Sin capacidad de pago
66261,14/05/2008,Otro
66309,04/09/2009,Cambio de operador
66351,19/11/2009,Viaje al extranjero
66426,05/06/2009,Sin capacidad de pago
66453,10/02/2009,Otro
66525,09/12/2009,Inconformidad del servicio
66567,21/10/2008,Inconformidad del servicio
66618,25/01/2009,Inconformidad del servicio
66804,03/05/2008,Otro
66870,20/11/2008,Inconformidad del servicio
66885,30/12/2008,Inconformidad del servicio
67119,09/01/2009,Viaje al extranjero
67146,11/12/2008,Fallecimiento del cliente
67224,16/04/2008,Falta de cobertura en la zona
67281,22/03/2009,Fallecimiento del cliente
67401,09/04/2009,Cambio de operador
67407,22/11/2008,Falta de cobertura en la zona
67524,09/08/2009,Falta de cobertura en la zona
67617,02/11/2009,Inconformidad del servicio
67629,22/03/2009,Inconformidad del servicio
67683,27/11/2008,Otro
67722,03/01/2009,Falta de cobertura en la zona
67737,26/01/2009,Cambio de operador
67764,08/11/2008,Falta de cobertura en la zona
67842,02/07/2008,Sin capacidad de pago
67851,09/07/2008,Fallecimiento del cliente
68034,17/08/2009,Sin capacidad de pago
68064,13/04/2008,Inconformidad del servicio
68067,31/12/2008,Sin capacidad de pago
68190,31/07/2008,Falta de cobertura en la zona
68211,17/04/2009,Cambio de operador
68376,05/12/2008,Fallecimiento del cliente
68397,03/04/2008,Sin capacidad de pago
68643,29/10/2009,Inconformidad del servicio
68679,02/12/2009,Inconformidad del servicio
68880,14/08/2009,Falta de cobertura en la zona
68940,13/11/2009,Inconformidad del servicio
68970,28/10/2009,Sin capacidad de pago
69435,11/12/2009,Otro
69471,15/10/2009,Cambio de operador
69522,11/11/2008,Inconformidad del servicio
69606,28/09/2008,Cambio de operador
69609,03/10/2008,Cambio de operador
69744,22/08/2009,Fallecimiento del cliente
69867,11/01/2008,Inconformidad del servicio
69900,08/12/2008,Inconformidad del servicio
70062,29/12/2009,Cambio de operador
70065,31/05/2008,Inconformidad del servicio
70092,29/05/2009,Sin capacidad de pago
70095,17/06/2008,Cambio de operador
70170,15/06/2009,Inconformidad del servicio
70221,20/08/2008,Otro
70410,23/02/2008,Otro
70509,14/05/2008,Inconformidad del servicio
70620,09/06/2008,Falta de cobertura en la zona
70770,05/06/2009,Cambio de operador
70791,04/02/2008,Inconformidad del servicio
70803,25/09/2008,Sin capacidad de pago
70806,14/05/2008,Otro
70923,25/01/2009,Inconformidad del servicio
70977,08/12/2008,Fallecimiento del cliente
71016,20/08/2009,Viaje al extranjero
71253,21/08/2008,Viaje al extranjero
71265,27/09/2008,Falta de cobertura en la zona
71376,12/02/2009,Sin capacidad de pago
71382,01/07/2009,Cambio de operador
71439,16/01/2009,Otro
71445,23/09/2009,Cambio de operador
71520,06/05/2008,Viaje al extranjero
71652,08/12/2008,Cambio de operador
71682,05/08/2008,Inconformidad del servicio
71892,28/11/2009,Inconformidad del servicio
71895,21/11/2009,Inconformidad del servicio
71904,14/11/2008,Inconformidad del servicio
72120,24/08/2009,Falta de cobertura en la zona
72255,10/02/2008,Viaje al extranjero
72357,28/01/2009,Inconformidad del servicio
72597,09/10/2008,Falta de cobertura en la zona
72627,30/11/2009,Inconformidad del servicio
72645,01/09/2009,Cambio de operador
72753,04/07/2008,Sin capacidad de pago
72825,25/11/2009,Falta de cobertura en la zona
72924,09/06/2009,Cambio de operador
73026,12/10/2008,Otro
73029,13/06/2008,Sin capacidad de pago
73113,07/09/2008,Cambio de operador
73185,29/08/2008,Sin capacidad de pago
73209,06/10/2009,Cambio de operador
73266,12/10/2008,Falta de cobertura en la zona
73275,04/09/2009,Otro
73467,05/08/2008,Inconformidad del servicio
73680,25/11/2009,Falta de cobertura en la zona
73683,04/01/2008,Falta de cobertura en la zona
73749,24/01/2008,Inconformidad del servicio
73788,27/10/2008,Otro
73902,22/07/2009,Sin capacidad de pago
74148,02/11/2009,Cambio de operador
74151,05/10/2008,Sin capacidad de pago
74277,20/11/2008,Cambio de operador
74679,16/07/2008,Sin capacidad de pago
74742,05/04/2009,Otro
74982,13/03/2009,Cambio de operador
74994,14/08/2008,Falta de cobertura en la zona
75042,10/09/2008,Inconformidad del servicio
75069,16/10/2009,Cambio de operador
75174,06/11/2008,Cambio de operador
75177,14/11/2009,Viaje al extranjero
75396,05/01/2008,Sin capacidad de pago
75624,13/08/2009,Sin capacidad de pago
75651,28/05/2009,Cambio de operador
75906,06/02/2008,Cambio de operador
75948,25/09/2008,Inconformidad del servicio
75951,15/09/2009,Sin capacidad de pago
76071,22/10/2009,Cambio de operador
76119,23/11/2009,Otro
76170,05/06/2008,Cambio de operador
76248,23/03/2008,Inconformidad del servicio
76257,03/04/2008,Falta de cobertura en la zona
76320,23/02/2008,Cambio de operador
76353,29/12/2009,Otro
76512,16/05/2008,Sin capacidad de pago
76536,12/03/2009,Inconformidad del servicio
76896,16/08/2008,Otro
77034,24/07/2009,Inconformidad del servicio
77199,24/01/2009,Otro
77223,14/04/2009,Falta de cobertura en la zona
77259,16/05/2008,Inconformidad del servicio
77292,21/03/2009,Fallecimiento del cliente
77304,24/01/2009,Otro
77313,04/03/2009,Falta de cobertura en la zona
77367,09/01/2009,Otro
77556,17/08/2008,Inconformidad del servicio
77559,05/08/2009,Otro
77670,07/02/2009,Sin capacidad de pago
77874,23/10/2009,Sin capacidad de pago
77922,12/07/2009,Sin capacidad de pago
78027,03/08/2008,Viaje al extranjero
78084,10/10/2009,Inconformidad del servicio
78234,27/03/2008,Sin capacidad de pago
78243,21/09/2009,Falta de cobertura en la zona
78276,12/11/2008,Cambio de operador
78345,02/10/2008,Sin capacidad de pago
78390,19/06/2008,Cambio de operador
78411,24/10/2008,Fallecimiento del cliente
78546,25/09/2008,Otro
78573,15/04/2009,Inconformidad del servicio
78657,27/03/2008,Falta de cobertura en la zona
78678,07/03/2009,Inconformidad del servicio
78681,25/10/2008,Sin capacidad de pago
78777,11/09/2009,Otro
78795,01/09/2008,Viaje al extranjero
78819,03/01/2009,Falta de cobertura en la zona
78843,06/10/2008,Inconformidad del servicio
78912,19/04/2009,Sin capacidad de pago
78927,17/07/2009,Cambio de operador
79020,02/10/2009,Inconformidad del servicio
79059,21/11/2009,Cambio de operador
79236,11/05/2008,Sin capacidad de pago
79500,08/11/2008,Fallecimiento del cliente
79761,19/07/2008,Inconformidad del servicio
79821,27/12/2009,Inconformidad del servicio
79842,23/11/2009,Cambio de operador
79938,22/11/2009,Viaje al extranjero
80283,22/08/2009,Fallecimiento del cliente
80295,21/06/2008,Sin capacidad de pago
80643,25/12/2009,Inconformidad del servicio
80691,05/10/2009,Inconformidad del servicio
80913,26/12/2009,Sin capacidad de pago
80988,04/11/2009,Sin capacidad de pago
81000,12/08/2009,Viaje al extranjero
81021,08/06/2008,Cambio de operador
81165,12/09/2009,Inconformidad del servicio
81234,29/04/2008,Sin capacidad de pago
81243,14/04/2008,Inconformidad del servicio
81255,07/03/2008,Inconformidad del servicio
81264,03/01/2009,Inconformidad del servicio
81291,18/10/2008,Sin capacidad de pago
81414,07/02/2009,Inconformidad del servicio
81510,12/03/2008,Otro
81636,02/06/2009,Viaje al extranjero
81639,11/10/2009,Cambio de operador
82290,11/12/2009,Cambio de operador
82293,15/03/2009,Cambio de operador
82425,16/11/2008,Cambio de operador
82434,28/04/2008,Inconformidad del servicio
82464,23/12/2009,Falta de cobertura en la zona
82515,27/04/2008,Inconformidad del servicio
82575,06/11/2009,Cambio de operador
82761,07/06/2008,Sin capacidad de pago
82797,27/05/2009,Sin capacidad de pago
82806,17/09/2008,Otro
82848,17/05/2009,Falta de cobertura en la zona
82878,06/04/2008,Sin capacidad de pago
83187,15/08/2008,Otro
83202,18/12/2009,Falta de cobertura en la zona
83220,20/06/2009,Falta de cobertura en la zona
83307,23/11/2008,Inconformidad del servicio
83310,23/10/2008,Otro
83385,28/03/2009,Cambio de operador
83391,06/08/2009,Cambio de operador
83514,29/12/2008,Falta de cobertura en la zona
83544,17/11/2009,Otro
83607,17/02/2008,Falta de cobertura en la zona
83772,04/12/2008,Viaje al extranjero
83775,16/12/2008,Inconformidad del servicio
83847,14/12/2009,Cambio de operador
83919,02/12/2009,Sin capacidad de pago
83922,07/08/2008,Cambio de operador
83931,02/07/2009,Cambio de operador
84087,04/07/2008,Sin capacidad de pago
84099,08/06/2008,Inconformidad del servicio
84174,01/12/2009,Inconformidad del servicio
84381,26/10/2008,Sin capacidad de pago
84411,22/08/2009,Falta de cobertura en la zona
84450,22/06/2009,Fallecimiento del cliente
84840,07/09/2009,Sin capacidad de pago
84912,07/05/2008,Inconformidad del servicio
84945,31/12/2009,Viaje al extranjero
85032,19/02/2008,Inconformidad del servicio
85053,07/08/2008,Inconformidad del servicio
85065,04/05/2008,Inconformidad del servicio
85113,17/02/2009,Sin capacidad de pago
85263,06/05/2008,Sin capacidad de pago
85455,27/11/2009,Otro
85458,03/12/2009,Inconformidad del servicio
85614,20/03/2008,Falta de cobertura en la zona
85956,02/05/2008,Inconformidad del servicio
85983,24/06/2009,Inconformidad del servicio
86004,12/08/2008,Falta de cobertura en la zona
86127,25/11/2008,Sin capacidad de pago
86418,07/06/2009,Cambio de operador
86574,15/10/2008,Sin capacidad de pago
86823,20/08/2009,Otro
87072,05/08/2008,Otro
87120,25/01/2009,Viaje al extranjero
87381,03/09/2009,Falta de cobertura en la zona
87528,29/08/2009,Sin capacidad de pago
87546,15/08/2008,Inconformidad del servicio
87663,23/11/2009,Falta de cobertura en la zona
87909,17/01/2009,Inconformidad del servicio
88002,19/10/2009,Cambio de operador
88107,04/11/2008,Inconformidad del servicio
88125,24/12/2009,Inconformidad del servicio
88338,08/12/2009,Viaje al extranjero
88371,16/02/2009,Cambio de operador
88407,24/11/2009,Fallecimiento del cliente
88578,14/04/2008,Viaje al extranjero
88611,11/06/2008,Cambio de operador
88689,12/10/2008,Cambio de operador
88770,17/11/2009,Fallecimiento del cliente
88863,01/04/2009,Cambio de operador
88902,07/03/2008,Viaje al extranjero
89448,04/08/2008,Falta de cobertura en la zona
89493,11/05/2008,Otro
89538,01/08/2009,Falta de cobertura en la zona
89676,24/05/2008,Otro
89760,13/12/2008,Falta de cobertura en la zona
